disaster_type,disaster_subtype,location,zone_name,start_year,start_month,magnitude,latitude,longitude,total_deaths,total_affected,total_damage_usd_000,phagwara_relevance
Earthquake,Regional Shock,"Industrial Belt, Phagwara, Punjab",Industrial Belt,2012,1,5.6,31.219728,75.784303,15,3367,3795,High
Storm,Thunderstorm,"College District, Phagwara, Punjab",College District,2012,1,4.32,31.236049,75.755424,16,2581,1727,High
Earthquake,Shallow Tremor,"City Centre, Phagwara, Punjab",City Centre,2012,2,5.53,31.218213,75.772821,12,2554,3411,High
Storm,Windstorm,"Peri-Urban Farms, Phagwara, Punjab",Peri-Urban Farms,2012,2,3.87,31.238841,75.750631,5,2764,2672,High
Fire,Market Fire,"Canal Edge, Phagwara, Punjab",Canal Edge,2012,2,3.4,31.239529,75.79139,3,1020,1517,High
Flood,Urban Flood,"Industrial Belt, Phagwara, Punjab",Industrial Belt,2012,2,4.45,31.208794,75.782773,16,4976,2773,High
Earthquake,Regional Shock,"City Centre, Phagwara, Punjab",City Centre,2012,3,5.53,31.218985,75.769643,15,2636,3472,High
Heatwave,Humidity Surge,"College District, Phagwara, Punjab",College District,2012,3,44.34,31.229928,75.762299,8,6311,1072,High
Storm,Windstorm,"Canal Edge, Phagwara, Punjab",Canal Edge,2012,3,5.23,31.23744,75.787943,9,2621,2288,High
Heatwave,Extreme Heat,"Industrial Belt, Phagwara, Punjab",Industrial Belt,2012,4,43.85,31.205894,75.781182,4,5966,935,High
Storm,Thunderstorm,"College District, Phagwara, Punjab",College District,2012,4,4.7,31.225594,75.760678,7,2991,2377,High
Flood,Flash Flood,"Industrial Belt, Phagwara, Punjab",Industrial Belt,2012,5,5.88,31.207368,75.775908,9,5175,2912,High
Heatwave,Humidity Surge,"Railway Colony, Phagwara, Punjab",Railway Colony,2012,5,47.08,31.220047,75.763548,8,5983,692,High
Heatwave,Humidity Surge,"College District, Phagwara, Punjab",College District,2012,5,42.42,31.226567,75.761221,5,5367,964,High
Storm,Windstorm,"Railway Colony, Phagwara, Punjab",Railway Colony,2012,5,4.34,31.232714,75.770811,2,2904,2253,High
Heatwave,Extreme Heat,"Industrial Belt, Phagwara, Punjab",Industrial Belt,2012,5,43.89,31.208925,75.782104,3,6283,736,High
Heatwave,Extreme Heat,"Canal Edge, Phagwara, Punjab",Canal Edge,2012,6,42.73,31.236086,75.796373,0,5821,638,High
Flood,Flash Flood,"Peri-Urban Farms, Phagwara, Punjab",Peri-Urban Farms,2012,6,4.65,31.244461,75.742483,15,3983,2834,High
Flood,Flash Flood,"Railway Colony, Phagwara, Punjab",Railway Colony,2012,6,3.82,31.223732,75.76548,10,5892,3886,High
Storm,Windstorm,"City Centre, Phagwara, Punjab",City Centre,2012,6,4.07,31.217848,75.768706,4,3203,2097,High
Flood,Flash Flood,"Peri-Urban Farms, Phagwara, Punjab",Peri-Urban Farms,2012,6,4.45,31.245113,75.745947,12,4137,3586,High
Industrial Accident,Chemical Leak,"Railway Colony, Phagwara, Punjab",Railway Colony,2012,6,3.34,31.229599,75.77028,10,1888,2260,High
Heatwave,Humidity Surge,"College District, Phagwara, Punjab",College District,2012,7,44.97,31.236193,75.75616,9,6781,950,High
Heatwave,Humidity Surge,"Railway Colony, Phagwara, Punjab",Railway Colony,2012,7,43.15,31.225216,75.766781,2,4475,984,High
Industrial Accident,Factory Blast,"Railway Colony, Phagwara, Punjab",Railway Colony,2012,7,3.29,31.232886,75.76546,7,1634,1730,High
Storm,Windstorm,"City Centre, Phagwara, Punjab",City Centre,2012,8,4.61,31.222899,75.766587,10,2744,2309,High
Flood,Canal Overflow,"Railway Colony, Phagwara, Punjab",Railway Colony,2012,8,4.63,31.222817,75.767374,14,3225,2880,High
Storm,Windstorm,"Railway Colony, Phagwara, Punjab",Railway Colony,2012,8,4.25,31.228837,75.764072,6,4070,1889,High
Flood,Canal Overflow,"College District, Phagwara, Punjab",College District,2012,8,5.36,31.239658,75.771571,14,4979,2176,High
Flood,Urban Flood,"Canal Edge, Phagwara, Punjab",Canal Edge,2012,9,4.49,31.231135,75.7902,11,5816,3187,High
Flood,Flash Flood,"College District, Phagwara, Punjab",College District,2012,9,5.26,31.228055,75.764155,7,4439,2816,High
Flood,Urban Flood,"College District, Phagwara, Punjab",College District,2012,9,4.1,31.232874,75.763129,7,4870,1247,High
Industrial Accident,Chemical Leak,"Industrial Belt, Phagwara, Punjab",Industrial Belt,2012,9,4.12,31.211428,75.781192,7,2638,3349,High
Earthquake,Regional Shock,"Canal Edge, Phagwara, Punjab",Canal Edge,2012,9,5.6,31.234811,75.793292,7,2009,3480,High
Earthquake,Regional Shock,"Railway Colony, Phagwara, Punjab",Railway Colony,2012,10,5.89,31.223785,75.765257,12,1546,2577,High
Heatwave,Humidity Surge,"College District, Phagwara, Punjab",College District,2012,10,44.28,31.23842,75.75497,6,6155,874,High
Flood,Canal Overflow,"Railway Colony, Phagwara, Punjab",Railway Colony,2012,10,4.78,31.228029,75.772388,14,3433,1782,High
Fire,Market Fire,"Industrial Belt, Phagwara, Punjab",Industrial Belt,2012,10,3.07,31.200834,75.780592,8,1976,2344,High
Industrial Accident,Chemical Leak,"City Centre, Phagwara, Punjab",City Centre,2012,10,3.65,31.230753,75.768099,11,994,2401,High
Heatwave,Extreme Heat,"Canal Edge, Phagwara, Punjab",Canal Edge,2012,10,43.2,31.229845,75.785992,6,5642,591,High
Flood,Flash Flood,"Peri-Urban Farms, Phagwara, Punjab",Peri-Urban Farms,2012,12,4.42,31.24538,75.747325,15,5721,2209,High
Storm,Windstorm,"Peri-Urban Farms, Phagwara, Punjab",Peri-Urban Farms,2013,1,4.11,31.237497,75.738296,4,3535,2219,High
Fire,Crop Fire,"City Centre, Phagwara, Punjab",City Centre,2013,1,2.85,31.219585,75.766899,5,580,1927,High
Industrial Accident,Chemical Leak,"City Centre, Phagwara, Punjab",City Centre,2013,1,3.73,31.236564,75.770062,18,1401,2374,High
Storm,Thunderstorm,"Railway Colony, Phagwara, Punjab",Railway Colony,2013,2,4.64,31.230285,75.758489,8,2481,2177,High
Storm,Windstorm,"Canal Edge, Phagwara, Punjab",Canal Edge,2013,4,3.9,31.23695,75.796214,10,2997,3314,High
Industrial Accident,Chemical Leak,"Railway Colony, Phagwara, Punjab",Railway Colony,2013,4,2.77,31.236613,75.763139,11,1906,3230,High
Fire,Crop Fire,"College District, Phagwara, Punjab",College District,2013,4,3.63,31.229155,75.759544,5,912,2320,High
Heatwave,Humidity Surge,"City Centre, Phagwara, Punjab",City Centre,2013,5,44.34,31.230347,75.775357,9,5778,1213,High
Flood,Urban Flood,"Industrial Belt, Phagwara, Punjab",Industrial Belt,2013,5,5.58,31.215955,75.782097,20,4687,1149,High
Heatwave,Extreme Heat,"Industrial Belt, Phagwara, Punjab",Industrial Belt,2013,5,44.84,31.203439,75.783999,7,4931,798,High
Flood,Canal Overflow,"College District, Phagwara, Punjab",College District,2013,6,4.88,31.231935,75.765764,10,3486,1981,High
Flood,Flash Flood,"Railway Colony, Phagwara, Punjab",Railway Colony,2013,6,4.29,31.222711,75.767035,11,4847,1863,High
Flood,Canal Overflow,"College District, Phagwara, Punjab",College District,2013,6,5.25,31.232118,75.752637,3,4096,3062,High
Flood,Urban Flood,"Industrial Belt, Phagwara, Punjab",Industrial Belt,2013,6,5.47,31.206337,75.77662,16,6569,3305,High
Flood,Canal Overflow,"Canal Edge, Phagwara, Punjab",Canal Edge,2013,6,5.16,31.234765,75.795251,15,5926,3757,High
Flood,Canal Overflow,"Industrial Belt, Phagwara, Punjab",Industrial Belt,2013,6,4.38,31.204658,75.787354,13,4826,2706,High
Flood,Urban Flood,"Canal Edge, Phagwara, Punjab",Canal Edge,2013,7,5.43,31.239568,75.783006,14,5297,3112,High
Flood,Canal Overflow,"Canal Edge, Phagwara, Punjab",Canal Edge,2013,7,5.16,31.235297,75.79607,12,5221,3677,High
Earthquake,Shallow Tremor,"City Centre, Phagwara, Punjab",City Centre,2013,7,5.71,31.226406,75.777772,13,2647,2593,High
Flood,Flash Flood,"Industrial Belt, Phagwara, Punjab",Industrial Belt,2013,7,4.52,31.21266,75.772038,18,4221,3621,High
Earthquake,Regional Shock,"Railway Colony, Phagwara, Punjab",Railway Colony,2013,7,5.3,31.233427,75.76485,16,3246,3931,High
Flood,Urban Flood,"College District, Phagwara, Punjab",College District,2013,7,4.45,31.231869,75.758016,10,4339,1517,High
Storm,Thunderstorm,"Industrial Belt, Phagwara, Punjab",Industrial Belt,2013,7,4.61,31.214806,75.786966,9,3032,2675,High
Flood,Canal Overflow,"Railway Colony, Phagwara, Punjab",Railway Colony,2013,8,4.3,31.218378,75.758743,12,5936,1670,High
Fire,Market Fire,"College District, Phagwara, Punjab",College District,2013,8,3.42,31.236151,75.757273,6,1183,1762,High
Flood,Canal Overflow,"Industrial Belt, Phagwara, Punjab",Industrial Belt,2013,9,5.12,31.220816,75.788834,11,5072,4050,High
Flood,Urban Flood,"Railway Colony, Phagwara, Punjab",Railway Colony,2013,9,5.05,31.228573,75.770807,2,5593,2766,High
Flood,Flash Flood,"College District, Phagwara, Punjab",College District,2013,9,5.39,31.236581,75.757818,10,4005,2574,High
Earthquake,Shallow Tremor,"College District, Phagwara, Punjab",College District,2013,11,4.86,31.237086,75.761387,21,3037,2597,High
Heatwave,Humidity Surge,"Industrial Belt, Phagwara, Punjab",Industrial Belt,2013,11,46.12,31.204262,75.786003,1,6568,403,High
Fire,Crop Fire,"City Centre, Phagwara, Punjab",City Centre,2014,1,2.88,31.220386,75.768312,4,1527,1554,High
Earthquake,Shallow Tremor,"Peri-Urban Farms, Phagwara, Punjab",Peri-Urban Farms,2014,1,5.49,31.239196,75.751263,20,1726,4974,High
Storm,Windstorm,"Industrial Belt, Phagwara, Punjab",Industrial Belt,2014,1,4.75,31.204893,75.786388,5,2593,3167,High
Fire,Residential Fire,"Industrial Belt, Phagwara, Punjab",Industrial Belt,2014,1,3.71,31.201545,75.781185,8,1893,2419,High
Heatwave,Extreme Heat,"Railway Colony, Phagwara, Punjab",Railway Colony,2014,2,45.22,31.232999,75.763773,8,4963,641,High
Earthquake,Regional Shock,"Railway Colony, Phagwara, Punjab",Railway Colony,2014,2,5.1,31.227053,75.766203,18,2353,3238,High
Earthquake,Regional Shock,"Industrial Belt, Phagwara, Punjab",Industrial Belt,2014,2,5.49,31.209019,75.775538,3,2490,3562,High
Earthquake,Regional Shock,"Industrial Belt, Phagwara, Punjab",Industrial Belt,2014,3,5.64,31.219177,75.786659,12,2740,3507,High
Heatwave,Humidity Surge,"Peri-Urban Farms, Phagwara, Punjab",Peri-Urban Farms,2014,4,42.99,31.239724,75.751031,6,4345,801,High
Heatwave,Extreme Heat,"Railway Colony, Phagwara, Punjab",Railway Colony,2014,4,47.59,31.220519,75.767138,11,3221,879,High
Heatwave,Extreme Heat,"Railway Colony, Phagwara, Punjab",Railway Colony,2014,4,45.77,31.224849,75.771562,3,5309,779,High
Industrial Accident,Factory Blast,"Railway Colony, Phagwara, Punjab",Railway Colony,2014,4,3.87,31.229099,75.761186,9,771,2251,High
Heatwave,Humidity Surge,"Railway Colony, Phagwara, Punjab",Railway Colony,2014,4,43.48,31.231834,75.765708,6,8235,1177,High
Heatwave,Extreme Heat,"Railway Colony, Phagwara, Punjab",Railway Colony,2014,5,44.2,31.224275,75.760035,9,4171,803,High
Heatwave,Humidity Surge,"City Centre, Phagwara, Punjab",City Centre,2014,5,44.43,31.226095,75.776302,16,5039,825,High
Flood,Flash Flood,"Peri-Urban Farms, Phagwara, Punjab",Peri-Urban Farms,2014,6,4.43,31.242787,75.749808,14,6647,1891,High
Flood,Canal Overflow,"Canal Edge, Phagwara, Punjab",Canal Edge,2014,7,5.44,31.232391,75.782155,12,4153,3160,High
Heatwave,Extreme Heat,"City Centre, Phagwara, Punjab",City Centre,2014,7,46.26,31.221525,75.777537,5,5852,829,High
Industrial Accident,Factory Blast,"City Centre, Phagwara, Punjab",City Centre,2014,8,2.99,31.22707,75.765354,7,661,3199,High
Heatwave,Extreme Heat,"Canal Edge, Phagwara, Punjab",Canal Edge,2014,8,43.52,31.233,75.787523,11,5571,677,High
Storm,Windstorm,"City Centre, Phagwara, Punjab",City Centre,2014,8,4.69,31.213419,75.772139,8,2545,1826,High
Fire,Market Fire,"Railway Colony, Phagwara, Punjab",Railway Colony,2014,8,2.59,31.223093,75.774089,6,1281,1885,High
Industrial Accident,Chemical Leak,"College District, Phagwara, Punjab",College District,2014,10,3.38,31.228751,75.762846,7,1481,2821,High
Fire,Residential Fire,"City Centre, Phagwara, Punjab",City Centre,2014,10,3.12,31.218256,75.764781,3,1351,1434,High
Industrial Accident,Chemical Leak,"Canal Edge, Phagwara, Punjab",Canal Edge,2014,10,4.09,31.246587,75.79677,2,591,2116,High
Heatwave,Extreme Heat,"College District, Phagwara, Punjab",College District,2014,10,45.9,31.238727,75.757641,7,6050,837,High
Fire,Residential Fire,"Peri-Urban Farms, Phagwara, Punjab",Peri-Urban Farms,2014,11,2.9,31.246149,75.750409,3,1144,2112,High
Earthquake,Shallow Tremor,"Industrial Belt, Phagwara, Punjab",Industrial Belt,2014,12,5.53,31.218073,75.782678,13,3452,4212,High
Fire,Crop Fire,"Railway Colony, Phagwara, Punjab",Railway Colony,2014,12,2.48,31.225051,75.763806,7,1130,1906,High
Fire,Residential Fire,"Railway Colony, Phagwara, Punjab",Railway Colony,2015,1,2.33,31.230251,75.763862,5,751,2166,High
Earthquake,Regional Shock,"Peri-Urban Farms, Phagwara, Punjab",Peri-Urban Farms,2015,1,5.5,31.247073,75.753851,7,2451,2319,High
Storm,Thunderstorm,"Railway Colony, Phagwara, Punjab",Railway Colony,2015,2,3.83,31.225735,75.768339,11,2553,2160,High
Fire,Crop Fire,"Peri-Urban Farms, Phagwara, Punjab",Peri-Urban Farms,2015,2,3.16,31.23857,75.742712,3,942,2159,High
Storm,Thunderstorm,"College District, Phagwara, Punjab",College District,2015,2,3.79,31.236264,75.758588,4,2282,1543,High
Industrial Accident,Factory Blast,"Industrial Belt, Phagwara, Punjab",Industrial Belt,2015,3,3.77,31.213668,75.787984,11,1973,3832,High
Heatwave,Extreme Heat,"Industrial Belt, Phagwara, Punjab",Industrial Belt,2015,4,41.95,31.201765,75.785115,5,6708,964,High
Industrial Accident,Chemical Leak,"Industrial Belt, Phagwara, Punjab",Industrial Belt,2015,6,3.51,31.20324,75.793967,18,2086,2820,High
Flood,Canal Overflow,"Peri-Urban Farms, Phagwara, Punjab",Peri-Urban Farms,2015,6,4.26,31.246111,75.754695,9,4741,3402,High
Storm,Windstorm,"College District, Phagwara, Punjab",College District,2015,6,3.99,31.234574,75.767947,7,2214,1808,High
Storm,Thunderstorm,"City Centre, Phagwara, Punjab",City Centre,2015,6,3.92,31.223431,75.770697,10,2701,2553,High
Earthquake,Shallow Tremor,"Peri-Urban Farms, Phagwara, Punjab",Peri-Urban Farms,2015,6,4.93,31.242151,75.73576,11,4187,2067,High
Flood,Canal Overflow,"City Centre, Phagwara, Punjab",City Centre,2015,7,4.44,31.230382,75.77106,12,5473,2734,High
Flood,Urban Flood,"Canal Edge, Phagwara, Punjab",Canal Edge,2015,7,5.15,31.234704,75.788611,15,5235,3170,High
Heatwave,Humidity Surge,"Industrial Belt, Phagwara, Punjab",Industrial Belt,2015,8,44.64,31.209905,75.780979,2,5897,582,High
Fire,Market Fire,"Industrial Belt, Phagwara, Punjab",Industrial Belt,2015,8,3.57,31.214854,75.782513,6,1627,1890,High
Storm,Thunderstorm,"College District, Phagwara, Punjab",College District,2015,8,4.16,31.243526,75.765082,11,2145,2750,High
Heatwave,Humidity Surge,"Railway Colony, Phagwara, Punjab",Railway Colony,2015,8,44.64,31.219547,75.765265,11,6199,712,High
Flood,Urban Flood,"Peri-Urban Farms, Phagwara, Punjab",Peri-Urban Farms,2015,9,5.45,31.249482,75.744991,14,4893,2716,High
Earthquake,Shallow Tremor,"College District, Phagwara, Punjab",College District,2015,9,5.54,31.232214,75.766999,15,2591,3074,High
Industrial Accident,Chemical Leak,"College District, Phagwara, Punjab",College District,2015,9,3.39,31.236025,75.751614,10,968,3168,High
Heatwave,Extreme Heat,"Industrial Belt, Phagwara, Punjab",Industrial Belt,2015,9,44.14,31.210976,75.775742,11,5811,758,High
Heatwave,Extreme Heat,"Railway Colony, Phagwara, Punjab",Railway Colony,2015,9,45.63,31.226407,75.770922,10,6111,848,High
Industrial Accident,Factory Blast,"Industrial Belt, Phagwara, Punjab",Industrial Belt,2015,11,4.01,31.205128,75.789137,11,1806,2789,High
Industrial Accident,Factory Blast,"College District, Phagwara, Punjab",College District,2015,11,3.61,31.233943,75.76573,8,1318,1445,High
Flood,Canal Overflow,"Canal Edge, Phagwara, Punjab",Canal Edge,2015,12,5.78,31.230614,75.790044,17,4909,3090,High
Industrial Accident,Chemical Leak,"Railway Colony, Phagwara, Punjab",Railway Colony,2016,1,3.22,31.233575,75.761379,10,644,2665,High
Earthquake,Regional Shock,"City Centre, Phagwara, Punjab",City Centre,2016,1,5.82,31.216805,75.771309,11,2801,3365,High
Storm,Thunderstorm,"Industrial Belt, Phagwara, Punjab",Industrial Belt,2016,2,4.26,31.216316,75.781295,9,2438,2150,High
Storm,Thunderstorm,"Industrial Belt, Phagwara, Punjab",Industrial Belt,2016,3,4.39,31.21567,75.781958,11,3689,2965,High
Fire,Market Fire,"Industrial Belt, Phagwara, Punjab",Industrial Belt,2016,4,2.1,31.204815,75.787184,7,1858,2107,High
Flood,Canal Overflow,"Canal Edge, Phagwara, Punjab",Canal Edge,2016,4,5.01,31.241977,75.792764,6,5399,3505,High
Fire,Crop Fire,"College District, Phagwara, Punjab",College District,2016,4,3.32,31.225654,75.769564,6,532,1339,High
Flood,Urban Flood,"College District, Phagwara, Punjab",College District,2016,6,5.4,31.225721,75.762115,10,5507,3382,High
Earthquake,Shallow Tremor,"Canal Edge, Phagwara, Punjab",Canal Edge,2016,6,5.31,31.241647,75.793908,14,3154,4195,High
Industrial Accident,Chemical Leak,"Industrial Belt, Phagwara, Punjab",Industrial Belt,2016,6,3.87,31.212045,75.792939,15,2034,3094,High
Storm,Windstorm,"College District, Phagwara, Punjab",College District,2016,7,3.62,31.231145,75.755821,8,2267,1497,High
Flood,Urban Flood,"Peri-Urban Farms, Phagwara, Punjab",Peri-Urban Farms,2016,7,4.84,31.242351,75.752831,18,4437,3011,High
Storm,Windstorm,"Industrial Belt, Phagwara, Punjab",Industrial Belt,2016,8,4.58,31.211861,75.788289,7,2670,2329,High
Flood,Flash Flood,"Industrial Belt, Phagwara, Punjab",Industrial Belt,2016,8,4.98,31.208763,75.779883,14,4588,2890,High
Fire,Market Fire,"College District, Phagwara, Punjab",College District,2016,8,3.08,31.241547,75.754024,5,754,1964,High
Storm,Windstorm,"City Centre, Phagwara, Punjab",City Centre,2016,9,4.93,31.220561,75.76836,7,2426,2092,High
Fire,Residential Fire,"City Centre, Phagwara, Punjab",City Centre,2016,9,3.67,31.218329,75.767849,9,1302,2274,High
Fire,Residential Fire,"Industrial Belt, Phagwara, Punjab",Industrial Belt,2016,10,3.02,31.21058,75.786046,6,1611,2091,High
Storm,Thunderstorm,"Railway Colony, Phagwara, Punjab",Railway Colony,2016,11,4.4,31.226846,75.771618,5,1883,1823,High
Industrial Accident,Factory Blast,"Peri-Urban Farms, Phagwara, Punjab",Peri-Urban Farms,2016,11,3.26,31.246711,75.761475,12,1151,1596,High
Flood,Urban Flood,"Railway Colony, Phagwara, Punjab",Railway Colony,2016,11,4.7,31.228186,75.76688,15,4457,3044,High
Earthquake,Shallow Tremor,"Peri-Urban Farms, Phagwara, Punjab",Peri-Urban Farms,2016,11,5.27,31.248137,75.749042,12,1311,3230,High
Earthquake,Shallow Tremor,"Railway Colony, Phagwara, Punjab",Railway Colony,2016,12,5.78,31.22499,75.766969,14,2660,2283,High
Heatwave,Humidity Surge,"Canal Edge, Phagwara, Punjab",Canal Edge,2016,12,45.98,31.245082,75.793644,8,5572,883,High
Earthquake,Shallow Tremor,"College District, Phagwara, Punjab",College District,2017,1,5.85,31.22545,75.764648,13,3030,3961,High
Storm,Thunderstorm,"City Centre, Phagwara, Punjab",City Centre,2017,2,4.31,31.22662,75.765566,5,3027,1627,High
Fire,Residential Fire,"College District, Phagwara, Punjab",College District,2017,4,3.17,31.243772,75.749748,4,1196,1972,High
Fire,Market Fire,"Canal Edge, Phagwara, Punjab",Canal Edge,2017,4,3.03,31.241189,75.79656,3,984,1397,High
Earthquake,Regional Shock,"Industrial Belt, Phagwara, Punjab",Industrial Belt,2017,4,5.46,31.212505,75.777518,19,3346,2833,High
Earthquake,Regional Shock,"College District, Phagwara, Punjab",College District,2017,5,6.12,31.236637,75.768885,18,3230,5016,High
Fire,Market Fire,"City Centre, Phagwara, Punjab",City Centre,2017,5,3.19,31.222331,75.759318,0,1333,2216,High
Flood,Urban Flood,"College District, Phagwara, Punjab",College District,2017,6,4.74,31.23036,75.762851,5,5538,2411,High
Storm,Thunderstorm,"College District, Phagwara, Punjab",College District,2017,6,4.5,31.231468,75.761346,5,3117,2377,High
Earthquake,Shallow Tremor,"Railway Colony, Phagwara, Punjab",Railway Colony,2017,7,5.43,31.24041,75.764272,18,2380,3389,High
Heatwave,Extreme Heat,"College District, Phagwara, Punjab",College District,2017,8,44.89,31.233737,75.766333,3,7179,823,High
Flood,Flash Flood,"City Centre, Phagwara, Punjab",City Centre,2017,8,4.9,31.222888,75.778356,7,4927,1580,High
Industrial Accident,Factory Blast,"College District, Phagwara, Punjab",College District,2017,8,3.41,31.227316,75.766539,8,975,2989,High
Heatwave,Humidity Surge,"Peri-Urban Farms, Phagwara, Punjab",Peri-Urban Farms,2017,8,43.4,31.236241,75.743234,5,7355,601,High
Flood,Urban Flood,"Railway Colony, Phagwara, Punjab",Railway Colony,2017,9,5.69,31.226486,75.75884,15,4666,2640,High
Earthquake,Regional Shock,"Peri-Urban Farms, Phagwara, Punjab",Peri-Urban Farms,2017,9,5.91,31.236754,75.747766,9,3271,3841,High
Earthquake,Regional Shock,"Peri-Urban Farms, Phagwara, Punjab",Peri-Urban Farms,2017,10,5.26,31.236742,75.746375,8,2667,1530,High
Storm,Windstorm,"City Centre, Phagwara, Punjab",City Centre,2017,11,4.24,31.222634,75.770795,11,2769,2726,High
Flood,Urban Flood,"College District, Phagwara, Punjab",College District,2017,11,4.9,31.227269,75.763526,13,4482,2122,High
Earthquake,Regional Shock,"College District, Phagwara, Punjab",College District,2017,11,5.04,31.229009,75.76155,8,1991,3282,High
Storm,Thunderstorm,"City Centre, Phagwara, Punjab",City Centre,2017,11,4.35,31.231366,75.769028,6,2597,2848,High
Earthquake,Shallow Tremor,"Peri-Urban Farms, Phagwara, Punjab",Peri-Urban Farms,2018,1,4.89,31.239672,75.74872,1,3184,3065,High
Earthquake,Shallow Tremor,"College District, Phagwara, Punjab",College District,2018,1,5.12,31.236797,75.756204,20,2780,2355,High
Storm,Thunderstorm,"Industrial Belt, Phagwara, Punjab",Industrial Belt,2018,2,4.33,31.209817,75.772837,12,2513,2257,High
Industrial Accident,Factory Blast,"College District, Phagwara, Punjab",College District,2018,2,3.98,31.235052,75.761916,14,1867,2801,High
Heatwave,Humidity Surge,"Peri-Urban Farms, Phagwara, Punjab",Peri-Urban Farms,2018,2,44.8,31.240961,75.747616,11,5148,707,High
Fire,Market Fire,"Railway Colony, Phagwara, Punjab",Railway Colony,2018,2,3.18,31.227793,75.755949,5,839,1771,High
Storm,Windstorm,"College District, Phagwara, Punjab",College District,2018,3,4.65,31.233681,75.755626,7,2067,2205,High
Storm,Windstorm,"Railway Colony, Phagwara, Punjab",Railway Colony,2018,3,4.23,31.227405,75.7671,6,2339,2396,High
Industrial Accident,Factory Blast,"City Centre, Phagwara, Punjab",City Centre,2018,4,3.66,31.230196,75.772002,3,1590,2274,High
Fire,Residential Fire,"Railway Colony, Phagwara, Punjab",Railway Colony,2018,4,2.76,31.223325,75.77072,10,1120,1271,High
Heatwave,Extreme Heat,"Industrial Belt, Phagwara, Punjab",Industrial Belt,2018,4,42.82,31.202617,75.78141,5,7115,611,High
Heatwave,Humidity Surge,"Industrial Belt, Phagwara, Punjab",Industrial Belt,2018,4,43.72,31.209831,75.786258,4,6066,315,High
Heatwave,Extreme Heat,"Peri-Urban Farms, Phagwara, Punjab",Peri-Urban Farms,2018,5,44.12,31.239654,75.74861,5,5249,609,High
Fire,Crop Fire,"Peri-Urban Farms, Phagwara, Punjab",Peri-Urban Farms,2018,5,3.44,31.247191,75.747417,7,1286,1816,High
Flood,Flash Flood,"Canal Edge, Phagwara, Punjab",Canal Edge,2018,6,4.55,31.229846,75.792047,10,7217,3302,High
Storm,Windstorm,"College District, Phagwara, Punjab",College District,2018,6,4.79,31.238679,75.764456,10,3240,2039,High
Flood,Canal Overflow,"Peri-Urban Farms, Phagwara, Punjab",Peri-Urban Farms,2018,6,5.21,31.248835,75.751049,9,4881,2808,High
Earthquake,Shallow Tremor,"Industrial Belt, Phagwara, Punjab",Industrial Belt,2018,7,5.83,31.209386,75.784381,6,2530,3972,High
Fire,Market Fire,"College District, Phagwara, Punjab",College District,2018,7,2.82,31.229233,75.753813,4,661,1089,High
Industrial Accident,Factory Blast,"Peri-Urban Farms, Phagwara, Punjab",Peri-Urban Farms,2018,8,3.67,31.238797,75.737346,4,1433,1848,High
Storm,Thunderstorm,"Industrial Belt, Phagwara, Punjab",Industrial Belt,2018,8,4.63,31.214045,75.784181,3,2164,1202,High
Flood,Flash Flood,"City Centre, Phagwara, Punjab",City Centre,2018,9,5.37,31.225548,75.771984,8,5677,2865,High
Flood,Flash Flood,"Peri-Urban Farms, Phagwara, Punjab",Peri-Urban Farms,2018,9,4.57,31.243643,75.754071,10,3890,2633,High
Storm,Windstorm,"Peri-Urban Farms, Phagwara, Punjab",Peri-Urban Farms,2018,9,4.38,31.243977,75.744472,11,1721,2221,High
Storm,Thunderstorm,"City Centre, Phagwara, Punjab",City Centre,2018,10,4.36,31.223571,75.775933,4,2935,1895,High
Fire,Crop Fire,"Railway Colony, Phagwara, Punjab",Railway Colony,2018,10,3.32,31.225585,75.761228,4,846,1559,High
Fire,Crop Fire,"Peri-Urban Farms, Phagwara, Punjab",Peri-Urban Farms,2018,11,3.0,31.245377,75.741564,3,1069,1973,High
Fire,Crop Fire,"Railway Colony, Phagwara, Punjab",Railway Colony,2018,11,2.99,31.225086,75.77373,6,1157,1349,High
Heatwave,Humidity Surge,"City Centre, Phagwara, Punjab",City Centre,2018,11,44.47,31.227641,75.778702,10,7287,724,High
Earthquake,Shallow Tremor,"Peri-Urban Farms, Phagwara, Punjab",Peri-Urban Farms,2018,12,5.28,31.242857,75.746599,15,3151,2536,High
Heatwave,Humidity Surge,"City Centre, Phagwara, Punjab",City Centre,2018,12,46.09,31.229002,75.777973,9,5354,1099,High
Flood,Flash Flood,"College District, Phagwara, Punjab",College District,2018,12,4.85,31.233652,75.761034,7,5618,2858,High
Fire,Residential Fire,"College District, Phagwara, Punjab",College District,2018,12,2.83,31.219181,75.769191,2,691,1530,High
Fire,Market Fire,"Industrial Belt, Phagwara, Punjab",Industrial Belt,2019,1,3.6,31.21151,75.777764,4,1012,2052,High
Flood,Urban Flood,"Canal Edge, Phagwara, Punjab",Canal Edge,2019,1,5.39,31.234195,75.781616,9,5792,2738,High
Earthquake,Shallow Tremor,"Canal Edge, Phagwara, Punjab",Canal Edge,2019,1,5.95,31.227525,75.790996,12,2568,2776,High
Earthquake,Regional Shock,"Peri-Urban Farms, Phagwara, Punjab",Peri-Urban Farms,2019,2,5.48,31.251224,75.749245,16,2641,2780,High
Fire,Crop Fire,"College District, Phagwara, Punjab",College District,2019,2,2.45,31.229788,75.757201,0,1063,1757,High
Storm,Windstorm,"Canal Edge, Phagwara, Punjab",Canal Edge,2019,2,4.31,31.236153,75.803067,11,3099,2210,High
Earthquake,Shallow Tremor,"City Centre, Phagwara, Punjab",City Centre,2019,3,5.63,31.225216,75.768875,18,4134,3431,High
Flood,Canal Overflow,"College District, Phagwara, Punjab",College District,2019,5,5.54,31.234629,75.754701,10,4665,3759,High
Flood,Canal Overflow,"Railway Colony, Phagwara, Punjab",Railway Colony,2019,5,4.71,31.221489,75.763337,12,4976,2968,High
Industrial Accident,Chemical Leak,"City Centre, Phagwara, Punjab",City Centre,2019,6,3.57,31.222959,75.761301,5,1265,2061,High
Heatwave,Humidity Surge,"Railway Colony, Phagwara, Punjab",Railway Colony,2019,6,44.26,31.220759,75.758426,7,6009,781,High
Heatwave,Humidity Surge,"Railway Colony, Phagwara, Punjab",Railway Colony,2019,6,45.32,31.233152,75.763538,11,5726,1046,High
Fire,Residential Fire,"City Centre, Phagwara, Punjab",City Centre,2019,6,2.25,31.226111,75.771618,2,1315,1755,High
Heatwave,Extreme Heat,"Peri-Urban Farms, Phagwara, Punjab",Peri-Urban Farms,2019,7,42.16,31.238941,75.747032,3,4323,765,High
Storm,Windstorm,"Industrial Belt, Phagwara, Punjab",Industrial Belt,2019,7,4.82,31.212949,75.793652,12,2551,2379,High
Storm,Thunderstorm,"City Centre, Phagwara, Punjab",City Centre,2019,8,3.58,31.226106,75.772971,9,2830,2837,High
Heatwave,Extreme Heat,"City Centre, Phagwara, Punjab",City Centre,2019,9,44.54,31.223784,75.774225,12,6689,1036,High
Earthquake,Regional Shock,"Peri-Urban Farms, Phagwara, Punjab",Peri-Urban Farms,2019,10,5.64,31.241069,75.74013,9,2783,3433,High
Fire,Crop Fire,"College District, Phagwara, Punjab",College District,2019,10,2.64,31.225803,75.755547,2,1008,2198,High
Storm,Windstorm,"Peri-Urban Farms, Phagwara, Punjab",Peri-Urban Farms,2019,10,4.62,31.253358,75.73923,7,2252,2098,High
Fire,Residential Fire,"Industrial Belt, Phagwara, Punjab",Industrial Belt,2019,10,2.79,31.210458,75.786275,8,1847,2976,High
Earthquake,Regional Shock,"College District, Phagwara, Punjab",College District,2019,11,5.37,31.221743,75.759633,18,3044,2944,High
Earthquake,Regional Shock,"Peri-Urban Farms, Phagwara, Punjab",Peri-Urban Farms,2019,12,5.35,31.243608,75.741644,16,4141,2573,High
Fire,Market Fire,"Industrial Belt, Phagwara, Punjab",Industrial Belt,2019,12,3.5,31.21595,75.785152,3,1405,2009,High
Earthquake,Shallow Tremor,"Industrial Belt, Phagwara, Punjab",Industrial Belt,2019,12,4.89,31.209671,75.785324,13,1986,3556,High
Storm,Windstorm,"College District, Phagwara, Punjab",College District,2020,1,4.51,31.230844,75.768749,6,2499,1653,High
Earthquake,Shallow Tremor,"Peri-Urban Farms, Phagwara, Punjab",Peri-Urban Farms,2020,1,5.54,31.235787,75.745588,19,3487,4570,High
Earthquake,Shallow Tremor,"Canal Edge, Phagwara, Punjab",Canal Edge,2020,1,5.88,31.237415,75.794117,16,3165,3063,High
Flood,Canal Overflow,"Peri-Urban Farms, Phagwara, Punjab",Peri-Urban Farms,2020,2,3.95,31.23722,75.742203,7,4236,2585,High
Industrial Accident,Chemical Leak,"City Centre, Phagwara, Punjab",City Centre,2020,3,4.3,31.23165,75.778406,10,1416,1689,High
Heatwave,Extreme Heat,"Canal Edge, Phagwara, Punjab",Canal Edge,2020,3,45.31,31.22875,75.789551,3,6142,400,High
Storm,Thunderstorm,"Industrial Belt, Phagwara, Punjab",Industrial Belt,2020,3,4.17,31.205353,75.78409,7,2512,2310,High
Fire,Residential Fire,"Industrial Belt, Phagwara, Punjab",Industrial Belt,2020,4,3.34,31.208246,75.785618,5,1439,2350,High
Fire,Crop Fire,"City Centre, Phagwara, Punjab",City Centre,2020,4,3.43,31.219158,75.776534,6,1260,1622,High
Flood,Flash Flood,"City Centre, Phagwara, Punjab",City Centre,2020,5,4.87,31.218128,75.771806,11,4401,3221,High
Earthquake,Regional Shock,"College District, Phagwara, Punjab",College District,2020,5,4.95,31.231685,75.75844,14,3196,4025,High
Flood,Flash Flood,"Railway Colony, Phagwara, Punjab",Railway Colony,2020,5,3.75,31.232084,75.76383,18,4246,2671,High
Fire,Market Fire,"City Centre, Phagwara, Punjab",City Centre,2020,5,3.48,31.221481,75.767457,3,1143,1046,High
Heatwave,Humidity Surge,"City Centre, Phagwara, Punjab",City Centre,2020,5,47.64,31.229248,75.772508,8,5992,1023,High
Flood,Flash Flood,"Industrial Belt, Phagwara, Punjab",Industrial Belt,2020,6,4.55,31.209727,75.787973,10,5304,1916,High
Storm,Thunderstorm,"College District, Phagwara, Punjab",College District,2020,7,4.07,31.237493,75.762119,8,2389,1977,High
Earthquake,Shallow Tremor,"Industrial Belt, Phagwara, Punjab",Industrial Belt,2020,7,5.49,31.210573,75.785859,18,945,3524,High
Industrial Accident,Chemical Leak,"Peri-Urban Farms, Phagwara, Punjab",Peri-Urban Farms,2020,7,3.65,31.244734,75.739009,2,982,2707,High
Heatwave,Extreme Heat,"Peri-Urban Farms, Phagwara, Punjab",Peri-Urban Farms,2020,7,45.5,31.241356,75.743876,6,5406,1085,High
Flood,Canal Overflow,"Industrial Belt, Phagwara, Punjab",Industrial Belt,2020,7,5.21,31.211779,75.796922,12,4753,2174,High
Storm,Windstorm,"College District, Phagwara, Punjab",College District,2020,7,4.65,31.239967,75.760906,8,2331,1686,High
Flood,Urban Flood,"City Centre, Phagwara, Punjab",City Centre,2020,8,4.7,31.220859,75.773991,16,5104,4057,High
Flood,Canal Overflow,"City Centre, Phagwara, Punjab",City Centre,2020,8,4.64,31.217556,75.780302,14,6140,2319,High
Fire,Market Fire,"Industrial Belt, Phagwara, Punjab",Industrial Belt,2020,8,3.17,31.205677,75.779863,11,1153,1278,High
Heatwave,Extreme Heat,"Railway Colony, Phagwara, Punjab",Railway Colony,2020,8,43.12,31.218774,75.767564,6,5867,900,High
Storm,Windstorm,"Railway Colony, Phagwara, Punjab",Railway Colony,2020,8,4.12,31.228794,75.772702,5,2540,2170,High
Industrial Accident,Chemical Leak,"City Centre, Phagwara, Punjab",City Centre,2020,10,2.98,31.227445,75.771929,8,612,2770,High
Industrial Accident,Factory Blast,"Peri-Urban Farms, Phagwara, Punjab",Peri-Urban Farms,2020,10,3.12,31.241465,75.751161,11,1120,1755,High
Heatwave,Extreme Heat,"Industrial Belt, Phagwara, Punjab",Industrial Belt,2020,12,44.99,31.214416,75.770243,9,5210,782,High
Fire,Residential Fire,"Peri-Urban Farms, Phagwara, Punjab",Peri-Urban Farms,2020,12,2.9,31.248179,75.746166,7,1047,1304,High
Fire,Crop Fire,"Canal Edge, Phagwara, Punjab",Canal Edge,2020,12,4.1,31.232187,75.793056,1,767,1640,High
Fire,Residential Fire,"City Centre, Phagwara, Punjab",City Centre,2020,12,3.3,31.220673,75.768172,2,1253,1867,High
Fire,Crop Fire,"Canal Edge, Phagwara, Punjab",Canal Edge,2020,12,2.86,31.235397,75.79511,6,540,2321,High
Flood,Canal Overflow,"Peri-Urban Farms, Phagwara, Punjab",Peri-Urban Farms,2021,1,5.1,31.245472,75.75804,12,5280,2050,High
Earthquake,Shallow Tremor,"Industrial Belt, Phagwara, Punjab",Industrial Belt,2021,1,6.06,31.210615,75.783443,14,2294,3803,High
Heatwave,Extreme Heat,"City Centre, Phagwara, Punjab",City Centre,2021,2,45.01,31.220742,75.771787,6,6525,748,High
Storm,Windstorm,"Canal Edge, Phagwara, Punjab",Canal Edge,2021,2,5.3,31.234868,75.78071,12,2633,1976,High
Earthquake,Regional Shock,"College District, Phagwara, Punjab",College District,2021,2,5.77,31.23007,75.76137,20,3449,3440,High
Fire,Residential Fire,"College District, Phagwara, Punjab",College District,2021,2,2.68,31.230544,75.756769,2,864,1932,High
Flood,Flash Flood,"Industrial Belt, Phagwara, Punjab",Industrial Belt,2021,2,4.87,31.212436,75.781132,7,6560,2867,High
Industrial Accident,Chemical Leak,"Canal Edge, Phagwara, Punjab",Canal Edge,2021,3,3.58,31.235251,75.782568,9,1592,2245,High
Fire,Residential Fire,"Railway Colony, Phagwara, Punjab",Railway Colony,2021,3,2.61,31.229321,75.766111,5,1001,2469,High
Industrial Accident,Factory Blast,"City Centre, Phagwara, Punjab",City Centre,2021,4,3.48,31.230226,75.77195,11,986,2974,High
Fire,Crop Fire,"College District, Phagwara, Punjab",College District,2021,4,3.18,31.234676,75.762734,3,1031,1771,High
Flood,Canal Overflow,"City Centre, Phagwara, Punjab",City Centre,2021,5,4.82,31.218977,75.763561,7,3945,3282,High
Industrial Accident,Chemical Leak,"College District, Phagwara, Punjab",College District,2021,5,3.44,31.240577,75.759521,7,820,2234,High
Industrial Accident,Chemical Leak,"City Centre, Phagwara, Punjab",City Centre,2021,6,3.58,31.222924,75.780048,10,2307,2620,High
Heatwave,Extreme Heat,"City Centre, Phagwara, Punjab",City Centre,2021,7,46.23,31.22237,75.767287,0,5698,911,High
Earthquake,Regional Shock,"Industrial Belt, Phagwara, Punjab",Industrial Belt,2021,7,5.48,31.221356,75.788161,30,2121,4207,High
Heatwave,Extreme Heat,"College District, Phagwara, Punjab",College District,2021,7,43.35,31.243823,75.756134,3,6340,868,High
Industrial Accident,Chemical Leak,"City Centre, Phagwara, Punjab",City Centre,2021,8,3.14,31.225923,75.775638,13,1249,2362,High
Flood,Flash Flood,"Railway Colony, Phagwara, Punjab",Railway Colony,2021,8,5.35,31.231745,75.775671,6,5160,1609,High
Storm,Windstorm,"Industrial Belt, Phagwara, Punjab",Industrial Belt,2021,8,5.34,31.219637,75.779064,10,2522,1930,High
Storm,Windstorm,"Peri-Urban Farms, Phagwara, Punjab",Peri-Urban Farms,2021,9,4.46,31.245413,75.747616,10,2987,1973,High
Flood,Canal Overflow,"Peri-Urban Farms, Phagwara, Punjab",Peri-Urban Farms,2021,9,4.85,31.246242,75.755878,12,5902,2567,High
Heatwave,Extreme Heat,"Canal Edge, Phagwara, Punjab",Canal Edge,2021,9,44.68,31.222126,75.787133,5,4416,564,High
Fire,Market Fire,"Railway Colony, Phagwara, Punjab",Railway Colony,2021,9,2.91,31.224344,75.761541,4,801,2788,High
Fire,Crop Fire,"Canal Edge, Phagwara, Punjab",Canal Edge,2021,11,3.23,31.230324,75.791312,6,494,1609,High
Fire,Residential Fire,"Industrial Belt, Phagwara, Punjab",Industrial Belt,2021,11,3.6,31.213228,75.78761,7,1692,2633,High
Fire,Crop Fire,"College District, Phagwara, Punjab",College District,2021,11,3.08,31.235109,75.762885,1,918,1844,High
Storm,Windstorm,"City Centre, Phagwara, Punjab",City Centre,2021,12,4.39,31.225183,75.773519,6,2136,3037,High
Heatwave,Humidity Surge,"College District, Phagwara, Punjab",College District,2022,1,42.73,31.232953,75.763629,7,5406,1391,High
Storm,Windstorm,"Peri-Urban Farms, Phagwara, Punjab",Peri-Urban Farms,2022,2,5.28,31.23584,75.7566,5,2719,1791,High
Storm,Thunderstorm,"Canal Edge, Phagwara, Punjab",Canal Edge,2022,2,4.43,31.233112,75.799346,10,3037,3474,High
Heatwave,Extreme Heat,"City Centre, Phagwara, Punjab",City Centre,2022,3,43.89,31.233086,75.768341,9,6071,959,High
Earthquake,Regional Shock,"Canal Edge, Phagwara, Punjab",Canal Edge,2022,3,5.14,31.239582,75.793897,16,1850,4273,High
Fire,Crop Fire,"Canal Edge, Phagwara, Punjab",Canal Edge,2022,4,2.97,31.23258,75.792454,2,1025,1757,High
Industrial Accident,Chemical Leak,"City Centre, Phagwara, Punjab",City Centre,2022,5,3.28,31.233,75.768814,5,1737,2997,High
Heatwave,Extreme Heat,"City Centre, Phagwara, Punjab",City Centre,2022,5,45.61,31.228673,75.773499,14,5818,731,High
Flood,Urban Flood,"College District, Phagwara, Punjab",College District,2022,5,4.54,31.235439,75.767347,11,4686,2762,High
Heatwave,Extreme Heat,"Railway Colony, Phagwara, Punjab",Railway Colony,2022,6,46.02,31.223956,75.764526,7,6841,956,High
Flood,Urban Flood,"College District, Phagwara, Punjab",College District,2022,6,4.67,31.242114,75.77098,13,4851,2313,High
Storm,Thunderstorm,"Industrial Belt, Phagwara, Punjab",Industrial Belt,2022,6,4.81,31.211162,75.780982,12,2715,2279,High
Storm,Thunderstorm,"Canal Edge, Phagwara, Punjab",Canal Edge,2022,6,4.08,31.241091,75.800001,10,2756,2358,High
Heatwave,Extreme Heat,"College District, Phagwara, Punjab",College District,2022,7,41.85,31.229546,75.76956,5,5445,1083,High
Flood,Urban Flood,"Industrial Belt, Phagwara, Punjab",Industrial Belt,2022,7,4.71,31.208514,75.798727,9,4428,2910,High
Flood,Canal Overflow,"Canal Edge, Phagwara, Punjab",Canal Edge,2022,7,4.99,31.241907,75.781878,12,6112,2318,High
Storm,Thunderstorm,"Railway Colony, Phagwara, Punjab",Railway Colony,2022,7,4.61,31.228706,75.759952,6,2713,2601,High
Flood,Urban Flood,"Industrial Belt, Phagwara, Punjab",Industrial Belt,2022,7,5.6,31.210569,75.786651,12,5067,2480,High
Flood,Flash Flood,"Canal Edge, Phagwara, Punjab",Canal Edge,2022,7,5.32,31.231001,75.795832,8,4988,2833,High
Storm,Thunderstorm,"City Centre, Phagwara, Punjab",City Centre,2022,8,4.37,31.226985,75.766894,7,2586,1805,High
Industrial Accident,Chemical Leak,"City Centre, Phagwara, Punjab",City Centre,2022,8,3.35,31.221384,75.77342,2,1175,2785,High
Storm,Thunderstorm,"College District, Phagwara, Punjab",College District,2022,8,4.05,31.231942,75.76728,3,2837,1476,High
Heatwave,Extreme Heat,"Industrial Belt, Phagwara, Punjab",Industrial Belt,2022,9,44.94,31.205599,75.785838,5,7387,727,High
Industrial Accident,Factory Blast,"Railway Colony, Phagwara, Punjab",Railway Colony,2022,9,3.98,31.217939,75.768445,10,1100,1877,High
Storm,Windstorm,"College District, Phagwara, Punjab",College District,2022,9,5.1,31.23137,75.769992,13,1935,2372,High
Heatwave,Humidity Surge,"City Centre, Phagwara, Punjab",City Centre,2022,10,46.11,31.230188,75.774142,5,6855,1082,High
Earthquake,Regional Shock,"Peri-Urban Farms, Phagwara, Punjab",Peri-Urban Farms,2022,10,5.18,31.239859,75.753696,20,2262,2993,High
Industrial Accident,Chemical Leak,"Railway Colony, Phagwara, Punjab",Railway Colony,2022,11,3.52,31.222943,75.770429,5,1577,2865,High
Earthquake,Shallow Tremor,"City Centre, Phagwara, Punjab",City Centre,2022,11,5.35,31.213234,75.773886,3,2625,4813,High
Earthquake,Regional Shock,"Railway Colony, Phagwara, Punjab",Railway Colony,2022,12,5.35,31.229317,75.765793,13,3556,2784,High
Heatwave,Extreme Heat,"Industrial Belt, Phagwara, Punjab",Industrial Belt,2023,1,44.11,31.215675,75.783064,8,5482,798,High
Fire,Market Fire,"City Centre, Phagwara, Punjab",City Centre,2023,1,3.11,31.228039,75.779037,8,819,1788,High
Fire,Residential Fire,"Industrial Belt, Phagwara, Punjab",Industrial Belt,2023,2,2.99,31.204944,75.786126,9,1667,2124,High
Industrial Accident,Factory Blast,"Peri-Urban Farms, Phagwara, Punjab",Peri-Urban Farms,2023,2,3.75,31.228937,75.757068,15,815,1325,High
Earthquake,Shallow Tremor,"Industrial Belt, Phagwara, Punjab",Industrial Belt,2023,3,5.08,31.213953,75.78156,6,2852,3442,High
Flood,Urban Flood,"Industrial Belt, Phagwara, Punjab",Industrial Belt,2023,4,5.23,31.207661,75.781335,17,5710,4214,High
Industrial Accident,Chemical Leak,"Canal Edge, Phagwara, Punjab",Canal Edge,2023,5,3.28,31.234443,75.789264,8,1205,2389,High
Storm,Windstorm,"City Centre, Phagwara, Punjab",City Centre,2023,6,4.09,31.218,75.765509,5,2424,1819,High
Flood,Canal Overflow,"Railway Colony, Phagwara, Punjab",Railway Colony,2023,6,4.96,31.222612,75.763194,13,3694,2504,High
Storm,Thunderstorm,"Peri-Urban Farms, Phagwara, Punjab",Peri-Urban Farms,2023,7,3.14,31.238435,75.741797,8,2158,2402,High
Fire,Crop Fire,"Industrial Belt, Phagwara, Punjab",Industrial Belt,2023,7,4.49,31.215502,75.785828,8,1669,2225,High
Flood,Canal Overflow,"Industrial Belt, Phagwara, Punjab",Industrial Belt,2023,7,4.45,31.210928,75.783247,11,5873,3419,High
Heatwave,Humidity Surge,"College District, Phagwara, Punjab",College District,2023,8,44.53,31.234707,75.770668,4,5756,816,High
Flood,Flash Flood,"Canal Edge, Phagwara, Punjab",Canal Edge,2023,8,4.77,31.233642,75.80312,6,5212,3560,High
Storm,Thunderstorm,"City Centre, Phagwara, Punjab",City Centre,2023,9,4.54,31.223638,75.774712,9,2532,1944,High
Heatwave,Humidity Surge,"College District, Phagwara, Punjab",College District,2023,9,44.1,31.226781,75.758861,9,5417,841,High
Flood,Canal Overflow,"City Centre, Phagwara, Punjab",City Centre,2023,9,4.16,31.223997,75.770926,8,6238,2804,High
Fire,Market Fire,"City Centre, Phagwara, Punjab",City Centre,2023,10,2.65,31.222503,75.772063,4,1270,1383,High
Flood,Flash Flood,"Railway Colony, Phagwara, Punjab",Railway Colony,2023,10,5.35,31.225719,75.772471,8,6403,2861,High
Earthquake,Regional Shock,"Peri-Urban Farms, Phagwara, Punjab",Peri-Urban Farms,2023,10,5.53,31.240647,75.756427,21,1847,3457,High
Storm,Windstorm,"City Centre, Phagwara, Punjab",City Centre,2023,11,4.15,31.22234,75.764043,10,2806,2529,High
Fire,Crop Fire,"Railway Colony, Phagwara, Punjab",Railway Colony,2023,11,3.88,31.228804,75.765777,6,817,1107,High
Fire,Residential Fire,"Peri-Urban Farms, Phagwara, Punjab",Peri-Urban Farms,2023,11,3.04,31.242221,75.747194,5,1203,2215,High
Flood,Canal Overflow,"Canal Edge, Phagwara, Punjab",Canal Edge,2023,12,5.31,31.245188,75.802511,18,2961,3137,High
Earthquake,Regional Shock,"City Centre, Phagwara, Punjab",City Centre,2023,12,5.97,31.219228,75.766703,13,3015,4917,High
Industrial Accident,Chemical Leak,"Railway Colony, Phagwara, Punjab",Railway Colony,2024,1,3.6,31.233013,75.761752,11,1660,2781,High
Earthquake,Regional Shock,"Peri-Urban Farms, Phagwara, Punjab",Peri-Urban Farms,2024,1,4.89,31.239912,75.753528,7,2483,4273,High
Earthquake,Shallow Tremor,"Peri-Urban Farms, Phagwara, Punjab",Peri-Urban Farms,2024,2,5.4,31.247413,75.738566,11,3265,3798,High
Flood,Urban Flood,"City Centre, Phagwara, Punjab",City Centre,2024,2,4.71,31.229264,75.773477,12,5233,2880,High
Fire,Market Fire,"Railway Colony, Phagwara, Punjab",Railway Colony,2024,3,2.83,31.227911,75.770111,3,1033,1419,High
Earthquake,Regional Shock,"Railway Colony, Phagwara, Punjab",Railway Colony,2024,3,5.62,31.231779,75.766313,15,2092,3018,High
Earthquake,Shallow Tremor,"Industrial Belt, Phagwara, Punjab",Industrial Belt,2024,4,5.69,31.207108,75.782392,6,2343,4396,High
Heatwave,Humidity Surge,"Industrial Belt, Phagwara, Punjab",Industrial Belt,2024,4,45.21,31.208691,75.786029,2,4915,1138,High
Earthquake,Shallow Tremor,"Railway Colony, Phagwara, Punjab",Railway Colony,2024,5,6.34,31.219823,75.764029,23,3283,3737,High
Industrial Accident,Factory Blast,"Railway Colony, Phagwara, Punjab",Railway Colony,2024,5,3.5,31.231002,75.771584,8,1521,2168,High
Fire,Residential Fire,"Peri-Urban Farms, Phagwara, Punjab",Peri-Urban Farms,2024,5,3.37,31.238428,75.742676,0,710,1674,High
Earthquake,Regional Shock,"College District, Phagwara, Punjab",College District,2024,5,6.11,31.237277,75.750382,13,3579,2016,High
Heatwave,Humidity Surge,"Railway Colony, Phagwara, Punjab",Railway Colony,2024,5,43.19,31.228485,75.76843,6,5596,957,High
Storm,Thunderstorm,"Peri-Urban Farms, Phagwara, Punjab",Peri-Urban Farms,2024,6,4.36,31.247415,75.74311,9,2322,3285,High
Fire,Crop Fire,"College District, Phagwara, Punjab",College District,2024,6,2.76,31.234015,75.756851,9,1271,1383,High
Flood,Urban Flood,"Canal Edge, Phagwara, Punjab",Canal Edge,2024,7,4.51,31.227716,75.787779,14,5922,2936,High
Flood,Flash Flood,"Railway Colony, Phagwara, Punjab",Railway Colony,2024,8,4.5,31.224836,75.768849,13,5751,2449,High
Heatwave,Humidity Surge,"Peri-Urban Farms, Phagwara, Punjab",Peri-Urban Farms,2024,9,43.6,31.244004,75.744092,3,4847,926,High
Storm,Windstorm,"Industrial Belt, Phagwara, Punjab",Industrial Belt,2024,10,4.7,31.212443,75.782155,10,2431,2616,High
Fire,Crop Fire,"Industrial Belt, Phagwara, Punjab",Industrial Belt,2024,11,2.93,31.207455,75.79389,6,1228,2614,High
Fire,Residential Fire,"Peri-Urban Farms, Phagwara, Punjab",Peri-Urban Farms,2024,12,3.1,31.245346,75.747213,4,959,2785,High
Earthquake,Shallow Tremor,"College District, Phagwara, Punjab",College District,2024,12,5.47,31.228679,75.759296,8,1556,2970,High
Flood,Urban Flood,"College District, Phagwara, Punjab",College District,2025,1,4.47,31.232676,75.758863,11,5174,3005,High
Storm,Thunderstorm,"Canal Edge, Phagwara, Punjab",Canal Edge,2025,1,4.38,31.234323,75.793443,9,2552,2524,High
Flood,Canal Overflow,"Canal Edge, Phagwara, Punjab",Canal Edge,2025,1,5.68,31.233774,75.786316,18,3996,2305,High
Flood,Urban Flood,"Canal Edge, Phagwara, Punjab",Canal Edge,2025,2,4.42,31.241931,75.797072,21,6605,3164,High
Storm,Thunderstorm,"Canal Edge, Phagwara, Punjab",Canal Edge,2025,2,5.34,31.243648,75.784254,5,2340,2196,High
Storm,Thunderstorm,"Peri-Urban Farms, Phagwara, Punjab",Peri-Urban Farms,2025,2,4.85,31.244482,75.750524,8,2161,2159,High
Industrial Accident,Chemical Leak,"Railway Colony, Phagwara, Punjab",Railway Colony,2025,4,3.33,31.222299,75.76543,4,932,1770,High
Heatwave,Extreme Heat,"Peri-Urban Farms, Phagwara, Punjab",Peri-Urban Farms,2025,4,46.49,31.251501,75.741231,5,4404,708,High
Heatwave,Humidity Surge,"Railway Colony, Phagwara, Punjab",Railway Colony,2025,5,44.58,31.234086,75.767106,3,5835,661,High
Heatwave,Humidity Surge,"Peri-Urban Farms, Phagwara, Punjab",Peri-Urban Farms,2025,5,45.14,31.252731,75.748433,4,6186,581,High
Heatwave,Extreme Heat,"Peri-Urban Farms, Phagwara, Punjab",Peri-Urban Farms,2025,5,45.58,31.252317,75.743645,2,6156,971,High
Flood,Urban Flood,"Peri-Urban Farms, Phagwara, Punjab",Peri-Urban Farms,2025,7,4.36,31.243747,75.747789,7,3175,858,High
Earthquake,Regional Shock,"Railway Colony, Phagwara, Punjab",Railway Colony,2025,7,5.98,31.228575,75.764539,15,3635,3843,High
Flood,Canal Overflow,"College District, Phagwara, Punjab",College District,2025,8,4.33,31.239409,75.758654,5,4830,2923,High
Heatwave,Humidity Surge,"Railway Colony, Phagwara, Punjab",Railway Colony,2025,8,43.27,31.229852,75.767201,9,4561,1056,High
Earthquake,Regional Shock,"Canal Edge, Phagwara, Punjab",Canal Edge,2025,9,4.93,31.232491,75.7964,7,2295,3838,High
Heatwave,Extreme Heat,"College District, Phagwara, Punjab",College District,2025,9,44.61,31.226612,75.77243,8,5340,758,High
Flood,Flash Flood,"Canal Edge, Phagwara, Punjab",Canal Edge,2025,9,4.48,31.23493,75.789986,17,6885,3246,High
Heatwave,Extreme Heat,"Canal Edge, Phagwara, Punjab",Canal Edge,2025,9,42.99,31.237558,75.78946,9,7027,780,High
Storm,Thunderstorm,"Railway Colony, Phagwara, Punjab",Railway Colony,2025,10,4.32,31.224337,75.767088,10,4318,2376,High
Earthquake,Shallow Tremor,"City Centre, Phagwara, Punjab",City Centre,2025,10,4.97,31.22136,75.776128,10,1518,2891,High
Heatwave,Humidity Surge,"Canal Edge, Phagwara, Punjab",Canal Edge,2025,10,42.82,31.240473,75.784548,4,4223,746,High
Industrial Accident,Chemical Leak,"City Centre, Phagwara, Punjab",City Centre,2025,10,3.26,31.22972,75.76848,8,845,1514,High
Earthquake,Regional Shock,"Peri-Urban Farms, Phagwara, Punjab",Peri-Urban Farms,2025,11,4.9,31.247113,75.750945,3,3318,3201,High
Flood,Flash Flood,"Industrial Belt, Phagwara, Punjab",Industrial Belt,2025,11,5.44,31.203678,75.784751,14,5264,2106,High
Heatwave,Humidity Surge,"City Centre, Phagwara, Punjab",City Centre,2025,12,42.83,31.220625,75.759332,12,5200,853,High
Storm,Windstorm,"Industrial Belt, Phagwara, Punjab",Industrial Belt,2026,1,3.82,31.208474,75.788537,7,3293,3038,High
Industrial Accident,Chemical Leak,"Industrial Belt, Phagwara, Punjab",Industrial Belt,2026,1,3.41,31.206938,75.775993,14,2259,3311,High
Storm,Windstorm,"City Centre, Phagwara, Punjab",City Centre,2026,2,4.93,31.22013,75.777545,7,3503,2471,High
Storm,Thunderstorm,"Industrial Belt, Phagwara, Punjab",Industrial Belt,2026,2,5.28,31.206916,75.782629,9,3200,2574,High
Flood,Canal Overflow,"Peri-Urban Farms, Phagwara, Punjab",Peri-Urban Farms,2026,2,4.21,31.24807,75.750782,10,7877,2896,High
Earthquake,Regional Shock,"City Centre, Phagwara, Punjab",City Centre,2026,2,5.0,31.223737,75.772602,12,3449,3562,High
Flood,Flash Flood,"City Centre, Phagwara, Punjab",City Centre,2026,2,4.65,31.22041,75.77321,9,6530,2024,High
Storm,Thunderstorm,"Canal Edge, Phagwara, Punjab",Canal Edge,2026,2,4.36,31.241887,75.794544,10,3225,2461,High
Heatwave,Humidity Surge,"Railway Colony, Phagwara, Punjab",Railway Colony,2026,3,44.68,31.229639,75.766266,5,6611,929,High
Heatwave,Humidity Surge,"City Centre, Phagwara, Punjab",City Centre,2026,4,44.61,31.214866,75.77162,9,6092,1024,High
Flood,Flash Flood,"Industrial Belt, Phagwara, Punjab",Industrial Belt,2026,4,4.88,31.20851,75.779725,16,5838,2881,High
Fire,Crop Fire,"Railway Colony, Phagwara, Punjab",Railway Colony,2026,4,2.85,31.227861,75.759778,5,1291,1351,High
Storm,Thunderstorm,"Industrial Belt, Phagwara, Punjab",Industrial Belt,2026,5,3.91,31.214121,75.792317,13,2232,2078,High
Fire,Crop Fire,"Peri-Urban Farms, Phagwara, Punjab",Peri-Urban Farms,2026,5,3.46,31.243495,75.744984,9,639,1926,High
Fire,Crop Fire,"College District, Phagwara, Punjab",College District,2026,5,2.35,31.220749,75.759872,8,1396,2029,High
Storm,Thunderstorm,"Peri-Urban Farms, Phagwara, Punjab",Peri-Urban Farms,2026,6,4.81,31.239636,75.74561,11,1729,1855,High
Industrial Accident,Factory Blast,"College District, Phagwara, Punjab",College District,2026,6,4.24,31.231106,75.770572,6,948,1473,High
Earthquake,Regional Shock,"Canal Edge, Phagwara, Punjab",Canal Edge,2026,7,5.39,31.238812,75.788266,12,3166,2542,High
Storm,Thunderstorm,"College District, Phagwara, Punjab",College District,2026,7,4.17,31.229877,75.765678,8,1703,1842,High
Heatwave,Extreme Heat,"Canal Edge, Phagwara, Punjab",Canal Edge,2026,7,46.16,31.246137,75.783947,6,5919,1060,High
Storm,Thunderstorm,"Industrial Belt, Phagwara, Punjab",Industrial Belt,2026,8,4.57,31.223069,75.782081,10,2534,2335,High
Fire,Crop Fire,"College District, Phagwara, Punjab",College District,2026,8,2.84,31.235923,75.763448,4,1437,1731,High
Flood,Canal Overflow,"College District, Phagwara, Punjab",College District,2026,8,5.03,31.245108,75.759712,8,4852,1744,High
Flood,Flash Flood,"Peri-Urban Farms, Phagwara, Punjab",Peri-Urban Farms,2026,9,5.24,31.248264,75.754744,9,5508,3210,High
Flood,Canal Overflow,"Peri-Urban Farms, Phagwara, Punjab",Peri-Urban Farms,2026,9,4.34,31.243149,75.74989,15,5200,3763,High
Heatwave,Humidity Surge,"City Centre, Phagwara, Punjab",City Centre,2026,10,44.1,31.221777,75.772358,6,6425,953,High
Earthquake,Regional Shock,"Peri-Urban Farms, Phagwara, Punjab",Peri-Urban Farms,2026,10,5.86,31.247566,75.751666,7,1539,3325,High
