asset_name,asset_type,latitude,longitude,rainfall_mm,water_level_m,soil_type,building_age_years,floors,building_height_m,distance_to_river_km,construction_material,foundation_type,drainage_quality,soil_bearing_capacity_kpa,maintenance_score,occupancy_load,building_vulnerability_score,building_condition
Canal Bridge,Water Crossing,31.2362,75.7915,46.82,3.92,Loam,29.9,2,5.32,0.02,RCC,Pile Foundation,Moderate,100.87,34.42,314,61.4,Unsafe
Canal Bridge,Water Crossing,31.2362,75.7915,69.32,3.8,Loam,30.0,1,11.06,0.02,RCC,Isolated Footing,Good,149.33,65.48,378,44.1,Major Repair
Canal Bridge,Water Crossing,31.2362,75.7915,38.86,3.13,Loam,25.3,1,10.35,1.02,RCC,Raft Foundation,Good,185.81,77.59,401,27.32,Minor Repair
Canal Bridge,Water Crossing,31.2362,75.7915,46.04,4.92,Loam,24.4,1,6.69,0.66,RCC,Strip Footing,Good,124.18,65.61,398,48.53,Major Repair
Canal Bridge,Water Crossing,31.2362,75.7915,144.6,3.14,Loam,33.1,2,6.36,0.1,RCC,Raft Foundation,Good,111.86,51.77,420,50.17,Major Repair
Canal Bridge,Water Crossing,31.2362,75.7915,93.0,3.65,Loam,34.3,1,6.89,0.33,Steel,Pile Foundation,Moderate,138.72,67.11,466,34.53,Minor Repair
Canal Bridge,Water Crossing,31.2362,75.7915,84.51,3.84,Loam,33.1,1,9.19,0.02,RCC,Raft Foundation,Moderate,120.04,58.19,405,46.11,Major Repair
Canal Bridge,Water Crossing,31.2362,75.7915,84.86,3.41,Loam,39.6,2,6.37,0.02,Brick Masonry,Strip Footing,Poor,137.7,71.15,319,67.6,Unsafe
Canal Bridge,Water Crossing,31.2362,75.7915,85.85,4.46,Loam,36.2,1,4.0,0.34,RCC,Strip Footing,Moderate,114.18,38.47,314,59.26,Major Repair
Canal Bridge,Water Crossing,31.2362,75.7915,136.55,6.33,Loam,49.9,4,11.79,0.02,Brick Masonry,Strip Footing,Poor,80.0,40.11,446,90.03,Unsafe
Canal Bridge,Water Crossing,31.2362,75.7915,59.22,4.83,Loam,23.6,1,8.57,0.02,RCC,Raft Foundation,Poor,160.52,60.27,369,51.01,Major Repair
Canal Bridge,Water Crossing,31.2362,75.7915,86.63,3.98,Loam,29.4,1,4.0,0.1,RCC,Strip Footing,Good,99.63,59.94,468,55.51,Major Repair
Canal Bridge,Water Crossing,31.2362,75.7915,68.94,3.19,Loam,32.1,2,4.0,0.02,RCC,Raft Foundation,Moderate,133.03,64.37,446,44.95,Major Repair
Canal Bridge,Water Crossing,31.2362,75.7915,30.12,4.88,Loam,24.8,1,10.72,0.02,Steel,Raft Foundation,Moderate,165.94,57.49,340,44.54,Major Repair
Canal Bridge,Water Crossing,31.2362,75.7915,129.16,5.26,Loam,41.4,1,12.22,0.02,RCC,Isolated Footing,Poor,112.36,79.51,381,66.91,Unsafe
Canal Bridge,Water Crossing,31.2362,75.7915,90.04,4.43,Loam,40.4,1,8.65,0.11,RCC,Strip Footing,Moderate,123.38,34.49,384,74.94,Unsafe
Canal Bridge,Water Crossing,31.2362,75.7915,76.76,4.33,Loam,41.5,1,15.71,0.02,RCC,Strip Footing,Moderate,121.81,26.57,445,78.6,Unsafe
Canal Bridge,Water Crossing,31.2362,75.7915,65.1,5.05,Loam,24.6,1,6.12,0.33,RCC,Raft Foundation,Good,130.01,30.4,386,55.58,Major Repair
Canal Bridge,Water Crossing,31.2362,75.7915,76.15,4.56,Loam,23.7,1,10.76,0.02,RCC,Isolated Footing,Good,110.83,46.74,465,53.92,Major Repair
Canal Bridge,Water Crossing,31.2362,75.7915,94.56,4.03,Loam,27.8,1,15.36,0.02,Steel,Raft Foundation,Poor,114.64,65.93,457,53.0,Major Repair
Canal Bridge,Water Crossing,31.2362,75.7915,90.35,3.58,Loam,33.9,2,9.37,0.14,RCC,Isolated Footing,Moderate,145.49,59.5,316,49.15,Major Repair
Canal Bridge,Water Crossing,31.2362,75.7915,106.83,3.83,Loam,33.4,1,7.51,0.02,RCC,Raft Foundation,Moderate,80.0,15.0,370,66.48,Unsafe
Canal Bridge,Water Crossing,31.2362,75.7915,91.22,3.62,Loam,40.3,1,7.27,0.02,Brick Masonry,Raft Foundation,Good,110.26,42.43,305,56.82,Major Repair
Canal Bridge,Water Crossing,31.2362,75.7915,119.76,4.32,Loam,42.4,3,5.68,0.02,RCC,Isolated Footing,Poor,97.9,42.91,417,78.23,Unsafe
Canal Bridge,Water Crossing,31.2362,75.7915,92.81,3.96,Loam,34.2,1,9.39,0.32,RCC,Pile Foundation,Good,164.91,53.59,391,43.79,Major Repair
Canal Bridge,Water Crossing,31.2362,75.7915,79.34,4.09,Loam,36.1,2,4.0,0.02,RCC,Isolated Footing,Good,126.99,76.09,357,40.06,Minor Repair
Canal Bridge,Water Crossing,31.2362,75.7915,68.75,3.88,Loam,25.8,1,4.29,0.47,RCC,Isolated Footing,Moderate,135.53,47.33,344,50.92,Major Repair
Canal Bridge,Water Crossing,31.2362,75.7915,109.7,5.56,Loam,38.3,1,5.77,0.39,RCC,Strip Footing,Good,159.41,29.35,317,63.46,Unsafe
Canal Bridge,Water Crossing,31.2362,75.7915,0.0,3.94,Loam,36.3,1,5.65,0.02,RCC,Raft Foundation,Good,161.8,46.95,347,48.59,Major Repair
Canal Bridge,Water Crossing,31.2362,75.7915,86.85,4.16,Loam,27.5,2,9.69,0.02,RCC,Pile Foundation,Good,130.31,71.83,323,45.45,Major Repair
Canal Bridge,Water Crossing,31.2362,75.7915,106.48,4.22,Loam,37.7,4,7.7,0.02,RCC,Raft Foundation,Moderate,130.93,43.42,424,71.63,Unsafe
Canal Bridge,Water Crossing,31.2362,75.7915,90.53,4.3,Loam,24.6,1,10.88,0.02,RCC,Pile Foundation,Moderate,80.0,35.7,290,63.57,Unsafe
Canal Bridge,Water Crossing,31.2362,75.7915,86.48,3.07,Loam,30.8,1,4.0,1.33,RCC,Raft Foundation,Good,146.64,68.8,261,29.68,Minor Repair
Canal Bridge,Water Crossing,31.2362,75.7915,15.65,3.81,Loam,21.7,1,4.0,1.08,Steel,Pile Foundation,Good,149.52,69.56,316,26.1,Minor Repair
Canal Bridge,Water Crossing,31.2362,75.7915,85.82,3.9,Loam,33.8,1,14.98,0.47,Steel,Raft Foundation,Good,110.82,52.48,463,59.95,Major Repair
Industrial Gate 2,Industry,31.2108,75.783,0.0,2.77,Loam,10.9,3,17.36,2.21,RCC,Raft Foundation,Good,183.29,80.8,749,8.92,Good
Industrial Gate 2,Industry,31.2108,75.783,28.61,3.52,Loam,14.7,5,15.07,1.7,RCC,Raft Foundation,Good,199.94,76.5,654,25.14,Minor Repair
Industrial Gate 2,Industry,31.2108,75.783,63.91,3.9,Loam,29.3,4,19.4,0.02,RCC,Isolated Footing,Poor,128.29,29.63,1189,70.67,Unsafe
Industrial Gate 2,Industry,31.2108,75.783,91.84,4.14,Loam,36.5,1,23.12,1.33,Brick Masonry,Raft Foundation,Good,152.77,60.42,928,40.96,Minor Repair
Industrial Gate 2,Industry,31.2108,75.783,88.05,4.55,Loam,21.0,6,26.5,1.3,RCC,Strip Footing,Poor,130.38,65.71,1211,56.6,Major Repair
Industrial Gate 2,Industry,31.2108,75.783,146.2,5.34,Loam,35.8,6,25.34,0.29,Brick Masonry,Strip Footing,Poor,118.43,34.6,1044,97.85,Unsafe
Industrial Gate 2,Industry,31.2108,75.783,56.56,4.44,Loam,20.1,3,19.12,1.6,Steel,Isolated Footing,Poor,173.44,71.36,924,48.66,Major Repair
Industrial Gate 2,Industry,31.2108,75.783,136.25,4.6,Loam,41.9,7,21.31,0.47,RCC,Isolated Footing,Poor,157.3,23.09,1561,78.32,Unsafe
Industrial Gate 2,Industry,31.2108,75.783,152.96,4.3,Loam,30.1,3,18.98,1.14,Brick Masonry,Isolated Footing,Poor,137.44,29.17,826,66.55,Unsafe
Industrial Gate 2,Industry,31.2108,75.783,105.31,3.9,Loam,20.7,4,14.7,2.26,RCC,Pile Foundation,Poor,156.07,47.63,987,43.43,Major Repair
Industrial Gate 2,Industry,31.2108,75.783,56.82,4.37,Loam,13.6,6,20.23,1.6,RCC,Isolated Footing,Poor,135.66,50.12,1099,50.73,Major Repair
Industrial Gate 2,Industry,31.2108,75.783,133.23,5.15,Loam,26.7,3,23.88,0.61,RCC,Pile Foundation,Poor,124.54,45.22,659,66.02,Unsafe
Industrial Gate 2,Industry,31.2108,75.783,35.15,2.51,Loam,13.1,2,13.51,2.4,RCC,Pile Foundation,Good,196.44,83.48,647,19.19,Good
Industrial Gate 2,Industry,31.2108,75.783,63.41,3.96,Loam,22.2,2,16.98,0.89,Brick Masonry,Raft Foundation,Moderate,158.68,54.31,800,40.87,Minor Repair
Industrial Gate 2,Industry,31.2108,75.783,66.15,3.94,Loam,14.4,2,17.33,1.08,RCC,Raft Foundation,Good,183.3,41.46,873,34.34,Minor Repair
Industrial Gate 2,Industry,31.2108,75.783,98.27,4.3,Loam,29.5,3,13.48,0.26,Steel,Raft Foundation,Moderate,122.72,35.1,1097,61.64,Unsafe
Industrial Gate 2,Industry,31.2108,75.783,97.96,4.08,Loam,28.4,6,22.73,1.87,Brick Masonry,Pile Foundation,Poor,113.7,59.98,666,56.62,Major Repair
Industrial Gate 2,Industry,31.2108,75.783,106.73,4.08,Loam,21.6,4,22.28,0.49,RCC,Strip Footing,Moderate,133.08,53.56,1155,58.09,Major Repair
Industrial Gate 2,Industry,31.2108,75.783,69.61,3.43,Loam,17.1,4,16.75,1.35,Brick Masonry,Pile Foundation,Moderate,89.49,50.76,729,56.15,Major Repair
Industrial Gate 2,Industry,31.2108,75.783,105.77,4.55,Loam,23.9,3,17.28,0.35,Brick Masonry,Strip Footing,Poor,133.21,49.68,683,69.75,Unsafe
Industrial Gate 2,Industry,31.2108,75.783,105.53,3.09,Loam,21.8,1,9.86,2.82,RCC,Raft Foundation,Good,161.51,67.27,623,15.72,Good
Industrial Gate 2,Industry,31.2108,75.783,26.57,2.24,Loam,1.6,1,16.42,2.09,Steel,Raft Foundation,Good,172.72,72.37,596,13.26,Good
Industrial Gate 2,Industry,31.2108,75.783,48.85,2.04,Loam,6.8,1,18.73,2.22,Steel,Pile Foundation,Good,163.83,71.34,799,15.6,Good
Industrial Gate 2,Industry,31.2108,75.783,117.73,4.68,Loam,34.8,4,19.9,0.7,RCC,Strip Footing,Moderate,148.56,25.54,652,67.2,Unsafe
Industrial Gate 2,Industry,31.2108,75.783,90.57,3.67,Loam,37.5,3,24.77,1.03,Brick Masonry,Pile Foundation,Good,138.62,62.02,877,53.45,Major Repair
Industrial Gate 2,Industry,31.2108,75.783,27.14,4.3,Loam,30.5,5,12.48,0.65,Brick Masonry,Isolated Footing,Poor,126.03,50.55,1136,76.54,Unsafe
Industrial Gate 2,Industry,31.2108,75.783,50.89,3.82,Loam,14.8,4,8.43,1.36,RCC,Raft Foundation,Moderate,142.61,51.29,737,40.1,Minor Repair
Industrial Gate 2,Industry,31.2108,75.783,60.37,3.47,Loam,19.4,1,12.73,2.03,Steel,Raft Foundation,Moderate,113.99,43.08,955,40.5,Minor Repair
Industrial Gate 2,Industry,31.2108,75.783,8.02,2.92,Loam,17.4,3,9.57,2.21,RCC,Raft Foundation,Good,175.71,56.28,545,26.71,Minor Repair
Industrial Gate 2,Industry,31.2108,75.783,93.83,3.47,Loam,23.7,2,17.63,1.13,RCC,Raft Foundation,Moderate,144.25,80.84,762,27.32,Minor Repair
Industrial Gate 2,Industry,31.2108,75.783,75.09,3.76,Loam,23.6,3,21.1,0.78,RCC,Raft Foundation,Moderate,102.47,43.19,730,61.66,Unsafe
Industrial Gate 2,Industry,31.2108,75.783,27.19,3.26,Loam,17.9,3,10.19,1.52,RCC,Raft Foundation,Good,134.77,75.97,778,24.75,Good
Industrial Gate 2,Industry,31.2108,75.783,41.4,3.82,Loam,21.7,5,17.28,0.71,RCC,Raft Foundation,Moderate,137.83,47.5,957,57.26,Major Repair
Industrial Gate 2,Industry,31.2108,75.783,118.27,4.69,Loam,41.3,5,23.7,0.17,RCC,Isolated Footing,Poor,80.0,19.26,1478,86.59,Unsafe
Industrial Gate 2,Industry,31.2108,75.783,79.73,4.58,Loam,31.8,4,25.31,0.45,Steel,Raft Foundation,Moderate,162.59,29.74,963,65.48,Unsafe
Market Road Junction,Commercial,31.2231,75.7747,197.08,7.6,Loam,15.8,2,17.6,1.94,RCC,Raft Foundation,Moderate,175.15,64.47,1598,38.52,Minor Repair
Market Road Junction,Commercial,31.2231,75.7747,233.49,8.12,Loam,14.0,3,10.1,0.85,RCC,Strip Footing,Moderate,188.56,43.64,1199,49.45,Major Repair
Market Road Junction,Commercial,31.2231,75.7747,213.71,7.76,Loam,16.1,1,17.63,0.96,RCC,Raft Foundation,Moderate,129.34,52.61,1087,47.81,Major Repair
Market Road Junction,Commercial,31.2231,75.7747,242.8,6.22,Loam,18.0,3,12.05,1.6,RCC,Raft Foundation,Moderate,167.45,99.2,1629,37.47,Minor Repair
Market Road Junction,Commercial,31.2231,75.7747,279.44,6.9,Loam,20.3,4,15.01,1.63,RCC,Strip Footing,Moderate,168.45,59.96,1604,51.44,Major Repair
Market Road Junction,Commercial,31.2231,75.7747,176.74,6.2,Loam,9.9,1,6.72,2.49,RCC,Raft Foundation,Good,231.84,93.46,899,22.56,Good
Market Road Junction,Commercial,31.2231,75.7747,212.95,6.96,Loam,15.9,3,18.14,1.36,RCC,Strip Footing,Moderate,180.79,56.47,1673,44.6,Major Repair
Market Road Junction,Commercial,31.2231,75.7747,295.74,8.02,Loam,19.5,4,15.32,1.71,RCC,Pile Foundation,Good,148.95,40.87,1190,49.38,Major Repair
Market Road Junction,Commercial,31.2231,75.7747,230.25,5.88,Loam,4.3,2,12.94,2.76,RCC,Raft Foundation,Good,224.17,81.52,951,25.36,Minor Repair
Market Road Junction,Commercial,31.2231,75.7747,221.94,8.69,Loam,22.3,2,8.28,1.25,RCC,Raft Foundation,Good,150.77,55.31,1453,43.21,Major Repair
Market Road Junction,Commercial,31.2231,75.7747,237.95,7.91,Loam,34.0,5,17.36,0.5,RCC,Isolated Footing,Poor,101.72,45.26,1328,82.59,Unsafe
Market Road Junction,Commercial,31.2231,75.7747,256.75,7.4,Loam,26.6,4,17.15,0.75,RCC,Strip Footing,Moderate,166.9,40.79,1094,60.31,Unsafe
Market Road Junction,Commercial,31.2231,75.7747,242.17,6.96,Loam,13.5,2,7.38,1.12,Steel,Strip Footing,Moderate,176.55,73.93,1074,43.39,Major Repair
Market Road Junction,Commercial,31.2231,75.7747,216.51,6.48,Loam,24.4,2,13.27,1.02,RCC,Isolated Footing,Moderate,120.62,68.92,1668,47.18,Major Repair
Market Road Junction,Commercial,31.2231,75.7747,227.13,5.97,Loam,29.8,1,13.71,1.34,RCC,Pile Foundation,Good,144.47,31.92,1580,52.79,Major Repair
Market Road Junction,Commercial,31.2231,75.7747,229.88,7.01,Loam,8.9,3,8.14,1.38,RCC,Strip Footing,Good,140.08,72.25,1296,38.47,Minor Repair
Market Road Junction,Commercial,31.2231,75.7747,221.01,7.32,Loam,14.0,1,10.08,2.22,RCC,Raft Foundation,Poor,138.02,60.97,1424,48.3,Major Repair
Market Road Junction,Commercial,31.2231,75.7747,167.94,6.62,Loam,16.2,2,12.8,1.55,RCC,Isolated Footing,Good,148.05,77.24,1452,35.85,Minor Repair
Market Road Junction,Commercial,31.2231,75.7747,235.57,6.79,Loam,23.2,5,15.29,1.73,RCC,Isolated Footing,Poor,187.5,88.29,1215,54.45,Major Repair
Market Road Junction,Commercial,31.2231,75.7747,327.95,7.45,Loam,26.6,1,15.75,0.5,RCC,Pile Foundation,Good,130.38,46.05,1542,51.31,Major Repair
Market Road Junction,Commercial,31.2231,75.7747,218.42,6.86,Loam,6.4,2,20.65,1.6,RCC,Isolated Footing,Poor,140.77,61.14,1239,54.08,Major Repair
Market Road Junction,Commercial,31.2231,75.7747,243.77,6.51,Loam,5.0,1,9.05,2.47,RCC,Raft Foundation,Good,221.16,100.0,1142,21.66,Good
Market Road Junction,Commercial,31.2231,75.7747,242.63,6.31,Loam,17.0,1,6.5,1.11,Steel,Raft Foundation,Moderate,164.86,67.66,1446,43.22,Major Repair
Market Road Junction,Commercial,31.2231,75.7747,221.46,7.44,Loam,13.3,4,9.81,1.15,RCC,Raft Foundation,Moderate,151.87,49.21,1365,45.08,Major Repair
Market Road Junction,Commercial,31.2231,75.7747,278.75,8.47,Loam,36.6,3,14.45,0.45,Brick Masonry,Strip Footing,Poor,121.1,55.3,2342,76.99,Unsafe
Market Road Junction,Commercial,31.2231,75.7747,252.89,6.87,Loam,22.4,2,6.19,0.88,RCC,Pile Foundation,Poor,120.5,63.32,1721,50.54,Major Repair
Market Road Junction,Commercial,31.2231,75.7747,199.73,6.08,Loam,9.1,2,10.04,1.97,Steel,Raft Foundation,Good,208.3,84.04,1470,26.57,Minor Repair
Market Road Junction,Commercial,31.2231,75.7747,208.69,5.01,Loam,0.9,1,9.24,2.97,RCC,Raft Foundation,Good,189.44,69.42,1234,16.87,Good
Market Road Junction,Commercial,31.2231,75.7747,193.04,6.19,Loam,9.2,1,13.77,1.4,RCC,Raft Foundation,Good,168.13,78.89,1193,22.63,Good
Market Road Junction,Commercial,31.2231,75.7747,174.34,7.11,Loam,11.5,4,10.28,1.58,RCC,Raft Foundation,Good,151.28,66.1,1648,38.21,Minor Repair
Market Road Junction,Commercial,31.2231,75.7747,221.49,6.88,Loam,13.2,2,9.19,2.4,Steel,Raft Foundation,Good,199.94,80.27,1091,26.24,Minor Repair
Market Road Junction,Commercial,31.2231,75.7747,282.26,8.08,Loam,39.8,4,12.43,1.25,Brick Masonry,Strip Footing,Poor,145.62,53.03,1965,74.48,Unsafe
Market Road Junction,Commercial,31.2231,75.7747,217.73,6.01,Loam,21.5,2,13.28,1.22,Brick Masonry,Strip Footing,Moderate,186.79,67.22,1986,49.05,Major Repair
Market Road Junction,Commercial,31.2231,75.7747,230.38,6.46,Loam,5.7,1,12.71,1.38,Steel,Raft Foundation,Good,169.87,67.16,1296,30.28,Minor Repair
Market Road Junction,Commercial,31.2231,75.7747,222.0,6.53,Loam,23.3,2,22.68,0.95,Brick Masonry,Isolated Footing,Moderate,138.55,42.35,1572,70.06,Unsafe
Civil Hospital,Healthcare,31.2258,75.7681,15.33,3.69,Loam,19.8,4,26.24,3.28,Steel,Pile Foundation,Good,260.0,94.83,800,25.52,Minor Repair
Civil Hospital,Healthcare,31.2258,75.7681,45.75,4.37,Loam,24.8,5,17.05,1.94,RCC,Raft Foundation,Good,252.25,79.87,981,31.58,Minor Repair
Civil Hospital,Healthcare,31.2258,75.7681,13.9,3.31,Loam,25.2,5,23.64,2.22,RCC,Isolated Footing,Moderate,203.5,91.13,1111,42.66,Major Repair
Civil Hospital,Healthcare,31.2258,75.7681,121.34,4.49,Loam,30.0,3,23.4,1.56,Brick Masonry,Raft Foundation,Moderate,183.11,50.49,880,51.94,Major Repair
Civil Hospital,Healthcare,31.2258,75.7681,49.59,5.18,Loam,27.3,4,26.35,1.16,RCC,Pile Foundation,Moderate,170.8,66.72,854,45.89,Major Repair
Civil Hospital,Healthcare,31.2258,75.7681,78.58,4.19,Loam,22.9,5,24.18,1.17,Steel,Isolated Footing,Moderate,172.26,76.49,1172,49.58,Major Repair
Civil Hospital,Healthcare,31.2258,75.7681,4.4,4.99,Loam,22.2,5,26.44,3.09,RCC,Isolated Footing,Good,170.62,71.67,1278,39.33,Minor Repair
Civil Hospital,Healthcare,31.2258,75.7681,67.73,3.48,Loam,13.2,1,21.03,3.3,RCC,Pile Foundation,Good,231.34,100.0,640,26.19,Minor Repair
Civil Hospital,Healthcare,31.2258,75.7681,41.15,4.76,Loam,28.7,1,23.25,2.04,Steel,Raft Foundation,Moderate,185.8,74.8,1209,28.67,Minor Repair
Civil Hospital,Healthcare,31.2258,75.7681,42.54,5.01,Loam,20.6,4,31.58,1.35,Steel,Pile Foundation,Moderate,183.36,83.47,1255,34.31,Minor Repair
Civil Hospital,Healthcare,31.2258,75.7681,78.33,4.47,Loam,29.7,4,17.99,1.57,RCC,Isolated Footing,Good,191.61,61.34,849,44.76,Major Repair
Civil Hospital,Healthcare,31.2258,75.7681,33.09,4.2,Loam,28.8,3,23.36,1.83,RCC,Strip Footing,Moderate,194.69,77.54,840,48.67,Major Repair
Civil Hospital,Healthcare,31.2258,75.7681,108.96,4.81,Loam,34.3,6,18.29,1.48,RCC,Raft Foundation,Moderate,182.68,56.73,760,48.67,Major Repair
Civil Hospital,Healthcare,31.2258,75.7681,31.41,3.0,Loam,24.7,3,20.33,3.15,RCC,Pile Foundation,Good,225.85,97.23,760,13.29,Good
Civil Hospital,Healthcare,31.2258,75.7681,53.25,3.83,Loam,19.0,5,23.48,2.37,Brick Masonry,Raft Foundation,Poor,167.03,90.54,1088,42.28,Major Repair
Civil Hospital,Healthcare,31.2258,75.7681,60.76,4.39,Loam,30.8,2,28.09,1.39,RCC,Raft Foundation,Moderate,154.43,75.25,842,39.9,Minor Repair
Civil Hospital,Healthcare,31.2258,75.7681,138.45,5.16,Loam,36.4,3,22.64,1.07,RCC,Strip Footing,Good,176.87,54.59,891,42.68,Major Repair
Civil Hospital,Healthcare,31.2258,75.7681,44.68,4.6,Loam,31.5,5,21.86,2.32,Steel,Raft Foundation,Moderate,200.99,65.74,1197,37.96,Minor Repair
Civil Hospital,Healthcare,31.2258,75.7681,63.33,4.11,Loam,24.4,5,21.27,1.57,RCC,Pile Foundation,Good,194.99,78.52,1456,26.15,Minor Repair
Civil Hospital,Healthcare,31.2258,75.7681,73.81,4.73,Loam,19.1,2,20.48,2.14,Steel,Raft Foundation,Moderate,179.25,72.24,1010,26.61,Minor Repair
Civil Hospital,Healthcare,31.2258,75.7681,79.49,4.45,Loam,31.3,4,14.8,1.51,Steel,Isolated Footing,Moderate,158.33,56.97,1018,49.27,Major Repair
Civil Hospital,Healthcare,31.2258,75.7681,51.06,3.82,Loam,21.0,5,25.15,2.58,RCC,Raft Foundation,Good,194.97,67.73,1054,24.5,Good
Civil Hospital,Healthcare,31.2258,75.7681,136.84,5.52,Loam,37.6,8,30.41,1.07,Brick Masonry,Strip Footing,Poor,139.02,56.19,1988,75.3,Unsafe
Civil Hospital,Healthcare,31.2258,75.7681,138.11,5.63,Loam,30.9,6,23.4,2.12,RCC,Isolated Footing,Poor,140.28,81.27,925,53.47,Major Repair
Civil Hospital,Healthcare,31.2258,75.7681,109.43,4.19,Loam,13.4,5,29.92,2.23,Brick Masonry,Strip Footing,Moderate,180.46,49.73,1028,43.85,Major Repair
Civil Hospital,Healthcare,31.2258,75.7681,31.87,4.29,Loam,24.3,4,26.63,2.23,RCC,Raft Foundation,Moderate,197.66,100.0,1014,32.67,Minor Repair
Civil Hospital,Healthcare,31.2258,75.7681,24.46,4.11,Loam,22.1,5,21.52,2.87,RCC,Raft Foundation,Good,208.54,96.19,786,23.08,Good
Civil Hospital,Healthcare,31.2258,75.7681,78.98,4.11,Loam,25.3,5,30.71,2.42,Steel,Raft Foundation,Moderate,208.87,81.68,1136,43.65,Major Repair
Civil Hospital,Healthcare,31.2258,75.7681,33.12,4.06,Loam,28.0,4,17.42,1.6,RCC,Isolated Footing,Good,156.44,88.9,1131,37.2,Minor Repair
Civil Hospital,Healthcare,31.2258,75.7681,75.87,4.48,Loam,24.8,4,23.74,2.24,Brick Masonry,Raft Foundation,Good,204.99,73.87,1136,34.07,Minor Repair
Civil Hospital,Healthcare,31.2258,75.7681,98.23,4.08,Loam,17.0,3,25.98,1.77,Brick Masonry,Raft Foundation,Moderate,205.69,70.45,916,34.17,Minor Repair
Civil Hospital,Healthcare,31.2258,75.7681,11.37,3.26,Loam,13.8,4,17.89,3.31,RCC,Pile Foundation,Good,248.69,100.0,1047,18.73,Good
Civil Hospital,Healthcare,31.2258,75.7681,77.62,3.85,Loam,30.2,4,23.36,2.34,RCC,Raft Foundation,Good,162.56,85.3,1122,37.84,Minor Repair
Civil Hospital,Healthcare,31.2258,75.7681,50.09,3.45,Loam,15.7,3,15.88,2.7,RCC,Raft Foundation,Good,190.54,91.87,997,16.26,Good
Civil Hospital,Healthcare,31.2258,75.7681,114.37,5.72,Loam,40.9,7,33.79,0.8,Brick Masonry,Strip Footing,Poor,146.45,62.26,1156,70.49,Unsafe
LPU University Hospital,Healthcare,31.2569,75.703,166.86,5.59,Loam,27.4,9,45.93,2.58,RCC,Raft Foundation,Poor,172.37,64.98,1336,50.08,Major Repair
LPU University Hospital,Healthcare,31.2569,75.703,189.85,5.35,Loam,27.2,7,34.47,3.04,RCC,Isolated Footing,Good,180.08,69.65,1114,44.87,Major Repair
LPU University Hospital,Healthcare,31.2569,75.703,116.57,4.6,Loam,14.1,8,34.14,4.51,RCC,Raft Foundation,Good,260.0,100.0,905,27.06,Minor Repair
LPU University Hospital,Healthcare,31.2569,75.703,137.99,4.16,Loam,1.7,7,39.73,4.13,RCC,Raft Foundation,Good,244.61,100.0,822,33.2,Minor Repair
LPU University Hospital,Healthcare,31.2569,75.703,249.74,6.15,Loam,36.9,11,49.36,2.48,Brick Masonry,Isolated Footing,Poor,158.44,54.16,1289,77.62,Unsafe
LPU University Hospital,Healthcare,31.2569,75.703,160.11,5.31,Loam,19.6,9,38.28,2.94,RCC,Isolated Footing,Moderate,248.08,72.65,1485,51.13,Major Repair
LPU University Hospital,Healthcare,31.2569,75.703,181.04,5.61,Loam,24.6,10,40.33,3.53,RCC,Strip Footing,Poor,237.55,91.14,1171,42.73,Major Repair
LPU University Hospital,Healthcare,31.2569,75.703,159.09,4.94,Loam,3.9,10,34.81,4.11,RCC,Pile Foundation,Good,239.27,97.25,811,33.08,Minor Repair
LPU University Hospital,Healthcare,31.2569,75.703,141.0,4.24,Loam,5.9,8,33.36,4.8,RCC,Pile Foundation,Good,260.0,100.0,734,23.27,Good
LPU University Hospital,Healthcare,31.2569,75.703,247.5,7.76,Loam,41.9,10,46.64,2.4,RCC,Strip Footing,Poor,182.02,70.54,1691,74.23,Unsafe
LPU University Hospital,Healthcare,31.2569,75.703,247.8,4.96,Loam,31.1,8,42.38,2.67,RCC,Isolated Footing,Moderate,194.73,48.3,1258,62.19,Unsafe
LPU University Hospital,Healthcare,31.2569,75.703,156.64,5.62,Loam,17.4,8,39.71,3.03,RCC,Pile Foundation,Moderate,195.37,88.07,1323,48.19,Major Repair
LPU University Hospital,Healthcare,31.2569,75.703,210.53,5.61,Loam,14.2,8,39.77,3.71,RCC,Strip Footing,Poor,200.37,100.0,904,54.59,Major Repair
LPU University Hospital,Healthcare,31.2569,75.703,133.45,5.55,Loam,26.6,11,35.45,3.63,RCC,Isolated Footing,Moderate,207.34,75.28,1247,46.59,Major Repair
LPU University Hospital,Healthcare,31.2569,75.703,225.47,6.92,Loam,34.4,10,46.42,2.25,RCC,Strip Footing,Poor,173.51,59.39,1394,76.02,Unsafe
LPU University Hospital,Healthcare,31.2569,75.703,216.09,4.54,Loam,15.7,8,34.9,4.4,RCC,Raft Foundation,Good,260.0,97.86,765,34.3,Minor Repair
LPU University Hospital,Healthcare,31.2569,75.703,117.12,5.55,Loam,7.6,8,43.1,3.1,RCC,Isolated Footing,Poor,211.05,100.0,1212,50.32,Major Repair
LPU University Hospital,Healthcare,31.2569,75.703,155.97,5.69,Loam,15.5,7,39.1,3.15,RCC,Isolated Footing,Good,190.39,79.04,1330,37.62,Minor Repair
LPU University Hospital,Healthcare,31.2569,75.703,241.82,5.04,Loam,24.1,9,35.69,4.22,RCC,Isolated Footing,Good,219.3,100.0,1140,39.2,Minor Repair
LPU University Hospital,Healthcare,31.2569,75.703,191.68,5.67,Loam,21.6,10,42.99,2.39,RCC,Strip Footing,Poor,175.43,88.0,1461,56.62,Major Repair
LPU University Hospital,Healthcare,31.2569,75.703,173.91,5.08,Loam,0.0,6,30.04,4.88,RCC,Pile Foundation,Good,214.77,100.0,812,24.82,Good
LPU University Hospital,Healthcare,31.2569,75.703,96.36,4.74,Loam,0.0,8,34.59,4.3,Steel,Pile Foundation,Good,260.0,100.0,880,27.63,Minor Repair
LPU University Hospital,Healthcare,31.2569,75.703,214.9,4.93,Loam,17.7,8,36.92,3.66,RCC,Raft Foundation,Moderate,259.45,89.34,852,37.68,Minor Repair
LPU University Hospital,Healthcare,31.2569,75.703,165.38,5.26,Loam,21.6,9,41.7,3.81,RCC,Isolated Footing,Moderate,217.5,100.0,1214,44.61,Major Repair
LPU University Hospital,Healthcare,31.2569,75.703,175.72,4.04,Loam,7.5,6,37.88,4.65,RCC,Raft Foundation,Good,252.79,98.89,689,26.38,Minor Repair
LPU University Hospital,Healthcare,31.2569,75.703,146.91,4.9,Loam,11.1,10,42.36,3.39,RCC,Isolated Footing,Poor,230.98,79.15,1318,41.7,Minor Repair
LPU University Hospital,Healthcare,31.2569,75.703,213.9,5.31,Loam,17.1,8,42.27,3.15,Steel,Strip Footing,Poor,213.69,51.96,1236,58.51,Major Repair
LPU University Hospital,Healthcare,31.2569,75.703,162.19,5.26,Loam,16.0,8,36.85,3.3,RCC,Raft Foundation,Moderate,211.53,71.89,1414,41.66,Minor Repair
LPU University Hospital,Healthcare,31.2569,75.703,166.24,4.8,Loam,21.2,10,37.83,3.54,Brick Masonry,Isolated Footing,Good,226.15,90.84,1590,39.78,Minor Repair
LPU University Hospital,Healthcare,31.2569,75.703,241.61,6.01,Loam,30.7,8,52.94,3.17,Brick Masonry,Strip Footing,Poor,179.06,59.4,1279,79.77,Unsafe
LPU University Hospital,Healthcare,31.2569,75.703,192.9,6.39,Loam,31.7,9,37.79,2.71,RCC,Isolated Footing,Poor,199.04,79.56,1098,56.27,Major Repair
LPU University Hospital,Healthcare,31.2569,75.703,153.7,5.56,Loam,16.0,8,36.6,3.31,Steel,Raft Foundation,Moderate,214.06,90.96,1205,49.73,Major Repair
LPU University Hospital,Healthcare,31.2569,75.703,92.06,4.99,Loam,19.6,9,41.44,3.25,RCC,Raft Foundation,Moderate,197.71,73.61,1242,40.88,Minor Repair
LPU University Hospital,Healthcare,31.2569,75.703,152.58,3.73,Loam,0.0,6,33.37,4.15,RCC,Raft Foundation,Good,260.0,97.01,857,15.6,Good
LPU University Hospital,Healthcare,31.2569,75.703,36.26,4.96,Loam,11.0,7,38.29,4.81,RCC,Raft Foundation,Good,214.93,100.0,890,28.11,Minor Repair
LPU Boys Hostel BH-1,Residential,31.2584,75.7014,75.22,4.45,Loam,19.7,8,34.93,3.42,RCC,Isolated Footing,Moderate,178.06,87.58,4064,45.67,Major Repair
LPU Boys Hostel BH-1,Residential,31.2584,75.7014,193.25,5.88,Loam,37.7,10,47.42,2.85,RCC,Strip Footing,Poor,122.86,46.76,4467,83.36,Unsafe
LPU Boys Hostel BH-1,Residential,31.2584,75.7014,138.67,4.37,Loam,16.1,8,44.19,3.72,RCC,Pile Foundation,Good,172.23,69.67,4333,42.32,Major Repair
LPU Boys Hostel BH-1,Residential,31.2584,75.7014,147.71,5.14,Loam,24.0,10,35.56,3.18,Brick Masonry,Isolated Footing,Good,192.93,71.51,4294,57.13,Major Repair
LPU Boys Hostel BH-1,Residential,31.2584,75.7014,92.33,3.89,Loam,18.5,7,38.79,3.23,Brick Masonry,Raft Foundation,Moderate,209.49,59.01,3876,47.31,Major Repair
LPU Boys Hostel BH-1,Residential,31.2584,75.7014,120.14,4.44,Loam,11.1,11,37.56,3.36,Brick Masonry,Pile Foundation,Poor,222.95,69.09,3168,45.72,Major Repair
LPU Boys Hostel BH-1,Residential,31.2584,75.7014,82.4,4.24,Loam,28.3,7,36.98,4.33,RCC,Strip Footing,Poor,225.77,64.47,3687,47.47,Major Repair
LPU Boys Hostel BH-1,Residential,31.2584,75.7014,112.01,4.2,Loam,15.5,9,33.61,3.49,Brick Masonry,Raft Foundation,Moderate,187.24,76.71,4367,44.88,Major Repair
LPU Boys Hostel BH-1,Residential,31.2584,75.7014,159.93,4.28,Loam,24.7,8,45.48,2.85,RCC,Pile Foundation,Moderate,200.38,56.34,4414,57.71,Major Repair
LPU Boys Hostel BH-1,Residential,31.2584,75.7014,74.31,3.76,Loam,7.7,8,44.09,4.79,RCC,Pile Foundation,Good,260.0,73.83,2131,38.42,Minor Repair
LPU Boys Hostel BH-1,Residential,31.2584,75.7014,142.26,4.39,Loam,11.3,9,36.16,3.5,RCC,Raft Foundation,Moderate,199.2,76.1,2585,30.77,Minor Repair
LPU Boys Hostel BH-1,Residential,31.2584,75.7014,49.23,4.56,Loam,21.3,9,34.52,4.19,RCC,Isolated Footing,Good,169.12,80.65,5177,30.7,Minor Repair
LPU Boys Hostel BH-1,Residential,31.2584,75.7014,92.95,4.85,Loam,17.7,8,41.2,3.75,Brick Masonry,Isolated Footing,Good,192.7,61.29,4187,44.67,Major Repair
LPU Boys Hostel BH-1,Residential,31.2584,75.7014,162.56,3.99,Loam,19.5,9,38.51,3.26,Brick Masonry,Isolated Footing,Good,235.82,82.53,3982,49.42,Major Repair
LPU Boys Hostel BH-1,Residential,31.2584,75.7014,73.52,3.39,Loam,9.1,10,32.06,4.98,RCC,Pile Foundation,Good,243.24,100.0,2758,31.63,Minor Repair
LPU Boys Hostel BH-1,Residential,31.2584,75.7014,126.75,4.64,Loam,32.9,9,37.59,3.6,RCC,Isolated Footing,Moderate,187.8,52.84,3577,53.54,Major Repair
LPU Boys Hostel BH-1,Residential,31.2584,75.7014,127.68,4.3,Loam,23.6,8,35.16,3.7,RCC,Isolated Footing,Moderate,189.52,75.28,4704,43.6,Major Repair
LPU Boys Hostel BH-1,Residential,31.2584,75.7014,88.24,4.12,Loam,5.2,6,28.33,4.91,RCC,Raft Foundation,Good,210.77,73.42,2528,30.72,Minor Repair
LPU Boys Hostel BH-1,Residential,31.2584,75.7014,137.3,4.67,Loam,18.0,8,41.44,4.25,Steel,Strip Footing,Moderate,220.85,86.73,3888,57.58,Major Repair
LPU Boys Hostel BH-1,Residential,31.2584,75.7014,129.9,5.85,Loam,40.0,10,36.65,2.25,RCC,Isolated Footing,Poor,151.08,50.47,6000,72.02,Unsafe
LPU Boys Hostel BH-1,Residential,31.2584,75.7014,78.76,4.46,Loam,25.1,7,35.08,3.06,Steel,Isolated Footing,Moderate,204.88,64.72,3850,50.35,Major Repair
LPU Boys Hostel BH-1,Residential,31.2584,75.7014,78.54,4.1,Loam,20.5,7,41.0,3.71,RCC,Raft Foundation,Good,192.59,48.42,3800,46.49,Major Repair
LPU Boys Hostel BH-1,Residential,31.2584,75.7014,115.37,4.03,Loam,13.9,9,39.08,3.76,RCC,Raft Foundation,Moderate,250.77,88.09,3981,36.08,Minor Repair
LPU Boys Hostel BH-1,Residential,31.2584,75.7014,154.85,6.24,Loam,38.5,11,43.64,2.73,Brick Masonry,Isolated Footing,Poor,174.34,52.43,6000,70.29,Unsafe
LPU Boys Hostel BH-1,Residential,31.2584,75.7014,82.02,3.91,Loam,23.8,9,32.8,4.44,Steel,Raft Foundation,Good,260.0,100.0,2463,39.31,Minor Repair
LPU Boys Hostel BH-1,Residential,31.2584,75.7014,86.43,3.36,Loam,17.8,9,30.5,3.67,RCC,Raft Foundation,Moderate,174.07,70.0,3964,37.94,Minor Repair
LPU Boys Hostel BH-1,Residential,31.2584,75.7014,110.42,3.95,Loam,17.4,8,33.79,4.07,Brick Masonry,Raft Foundation,Moderate,218.65,93.03,5506,47.96,Major Repair
LPU Boys Hostel BH-1,Residential,31.2584,75.7014,53.48,3.44,Loam,10.7,9,32.06,3.7,RCC,Raft Foundation,Moderate,223.97,73.7,3601,32.83,Minor Repair
LPU Boys Hostel BH-1,Residential,31.2584,75.7014,139.83,4.85,Loam,25.9,8,33.17,3.16,RCC,Isolated Footing,Moderate,226.44,41.55,4322,47.64,Major Repair
LPU Boys Hostel BH-1,Residential,31.2584,75.7014,121.48,3.7,Loam,29.6,7,43.9,3.44,RCC,Strip Footing,Good,206.66,39.0,4801,55.88,Major Repair
LPU Boys Hostel BH-1,Residential,31.2584,75.7014,56.38,2.97,Loam,6.0,9,37.19,5.0,RCC,Raft Foundation,Good,248.79,82.06,2941,27.1,Minor Repair
LPU Boys Hostel BH-1,Residential,31.2584,75.7014,121.08,4.17,Loam,19.1,6,31.41,3.62,RCC,Raft Foundation,Moderate,194.83,58.21,3704,38.73,Minor Repair
LPU Boys Hostel BH-1,Residential,31.2584,75.7014,115.98,4.98,Loam,11.7,8,34.89,3.72,RCC,Strip Footing,Good,248.61,68.14,4197,41.24,Minor Repair
LPU Boys Hostel BH-1,Residential,31.2584,75.7014,101.83,4.59,Loam,5.9,11,40.53,3.86,RCC,Isolated Footing,Moderate,188.37,84.78,4508,48.06,Major Repair
LPU Boys Hostel BH-1,Residential,31.2584,75.7014,127.16,4.24,Loam,28.2,9,42.59,4.02,RCC,Isolated Footing,Good,204.12,79.19,4393,45.91,Major Repair
Railway Station Access,Transport,31.2266,75.7668,176.64,6.61,Loam,17.5,1,12.31,1.64,RCC,Isolated Footing,Poor,204.42,82.08,1092,30.46,Minor Repair
Railway Station Access,Transport,31.2266,75.7668,188.83,6.83,Loam,15.8,2,8.24,2.13,RCC,Raft Foundation,Poor,200.45,58.81,798,31.77,Minor Repair
Railway Station Access,Transport,31.2266,75.7668,249.32,6.93,Loam,30.5,5,19.78,1.43,Brick Masonry,Isolated Footing,Poor,136.54,41.12,1220,77.22,Unsafe
Railway Station Access,Transport,31.2266,75.7668,176.49,6.3,Loam,18.0,1,14.09,2.06,Steel,Raft Foundation,Moderate,172.24,89.2,740,30.67,Minor Repair
Railway Station Access,Transport,31.2266,75.7668,246.3,6.31,Loam,5.8,2,5.0,2.16,RCC,Pile Foundation,Good,132.73,79.25,1088,25.17,Minor Repair
Railway Station Access,Transport,31.2266,75.7668,137.73,5.53,Loam,6.4,3,9.14,3.12,RCC,Pile Foundation,Good,224.42,85.97,900,20.21,Good
Railway Station Access,Transport,31.2266,75.7668,264.9,7.0,Loam,20.3,2,4.0,2.1,RCC,Raft Foundation,Poor,173.72,73.33,787,45.86,Major Repair
Railway Station Access,Transport,31.2266,75.7668,254.2,7.19,Loam,29.5,1,10.12,0.86,Steel,Pile Foundation,Good,152.26,50.12,881,48.15,Major Repair
Railway Station Access,Transport,31.2266,75.7668,165.86,6.85,Loam,14.4,4,10.69,1.33,Steel,Isolated Footing,Poor,146.32,63.4,833,45.18,Major Repair
Railway Station Access,Transport,31.2266,75.7668,258.68,6.41,Loam,9.6,2,4.0,1.79,RCC,Isolated Footing,Good,197.7,59.66,725,28.04,Minor Repair
Railway Station Access,Transport,31.2266,75.7668,250.67,7.82,Loam,33.3,2,14.94,1.28,RCC,Pile Foundation,Good,179.02,63.6,999,38.01,Minor Repair
Railway Station Access,Transport,31.2266,75.7668,234.6,7.14,Loam,23.0,1,4.0,1.16,RCC,Pile Foundation,Good,173.28,41.28,773,45.01,Major Repair
Railway Station Access,Transport,31.2266,75.7668,281.83,7.37,Loam,23.8,1,4.0,1.54,RCC,Pile Foundation,Good,162.72,48.15,1024,33.46,Minor Repair
Railway Station Access,Transport,31.2266,75.7668,206.21,7.23,Loam,17.9,1,7.27,1.94,Steel,Pile Foundation,Moderate,165.21,64.63,728,30.05,Minor Repair
Railway Station Access,Transport,31.2266,75.7668,198.11,7.05,Loam,16.9,3,6.06,1.64,RCC,Isolated Footing,Poor,137.6,67.18,656,43.74,Major Repair
Railway Station Access,Transport,31.2266,75.7668,197.34,7.09,Loam,19.8,1,16.51,2.03,Steel,Pile Foundation,Good,167.74,45.29,897,43.53,Major Repair
Railway Station Access,Transport,31.2266,75.7668,208.07,6.51,Loam,19.3,2,4.0,1.94,RCC,Isolated Footing,Good,175.74,71.99,1033,19.95,Good
Railway Station Access,Transport,31.2266,75.7668,188.67,6.79,Loam,16.4,1,17.38,1.54,RCC,Raft Foundation,Moderate,155.88,60.45,702,33.78,Minor Repair
Railway Station Access,Transport,31.2266,75.7668,279.95,8.28,Loam,40.1,4,20.26,0.53,RCC,Strip Footing,Poor,115.73,46.63,1545,86.64,Unsafe
Railway Station Access,Transport,31.2266,75.7668,235.18,6.58,Loam,11.9,1,9.91,2.65,RCC,Raft Foundation,Moderate,178.09,81.93,854,20.15,Good
Railway Station Access,Transport,31.2266,75.7668,232.33,7.03,Loam,33.7,1,14.25,1.33,RCC,Raft Foundation,Moderate,170.43,59.28,831,44.9,Major Repair
Railway Station Access,Transport,31.2266,75.7668,181.81,5.61,Loam,15.2,1,12.52,3.42,RCC,Pile Foundation,Good,127.24,92.28,635,29.58,Minor Repair
Railway Station Access,Transport,31.2266,75.7668,240.52,6.69,Loam,24.4,3,14.09,1.9,RCC,Isolated Footing,Moderate,160.48,80.0,1017,41.21,Minor Repair
Railway Station Access,Transport,31.2266,75.7668,230.07,7.31,Loam,21.4,1,8.93,1.44,RCC,Raft Foundation,Good,150.43,47.99,891,43.59,Major Repair
Railway Station Access,Transport,31.2266,75.7668,186.47,6.19,Loam,30.4,4,13.99,3.09,RCC,Strip Footing,Good,139.84,42.63,848,51.93,Major Repair
Railway Station Access,Transport,31.2266,75.7668,192.44,7.71,Loam,23.6,3,8.05,1.75,RCC,Raft Foundation,Poor,153.02,70.4,709,38.88,Minor Repair
Railway Station Access,Transport,31.2266,75.7668,191.67,7.6,Loam,22.4,3,4.0,1.7,RCC,Raft Foundation,Moderate,194.52,57.46,839,45.22,Major Repair
Railway Station Access,Transport,31.2266,75.7668,185.51,6.27,Loam,14.3,1,8.85,2.54,RCC,Pile Foundation,Moderate,178.7,43.94,649,28.84,Minor Repair
Railway Station Access,Transport,31.2266,75.7668,179.36,5.69,Loam,7.6,1,8.49,3.14,Steel,Pile Foundation,Good,207.04,92.97,464,23.57,Good
Railway Station Access,Transport,31.2266,75.7668,201.67,6.86,Loam,15.1,1,11.13,1.84,RCC,Raft Foundation,Good,178.44,60.49,928,34.86,Minor Repair
Railway Station Access,Transport,31.2266,75.7668,226.75,6.85,Loam,9.9,2,8.79,2.07,RCC,Raft Foundation,Good,196.89,73.25,322,28.56,Minor Repair
Railway Station Access,Transport,31.2266,75.7668,200.44,6.52,Loam,16.2,1,9.77,1.71,RCC,Raft Foundation,Moderate,181.08,84.72,1040,38.32,Minor Repair
Railway Station Access,Transport,31.2266,75.7668,177.71,6.11,Loam,21.9,2,12.17,2.02,RCC,Isolated Footing,Moderate,226.82,57.72,757,39.14,Minor Repair
Railway Station Access,Transport,31.2266,75.7668,216.45,6.48,Loam,19.6,3,9.76,2.11,RCC,Raft Foundation,Moderate,162.52,67.27,668,38.3,Minor Repair
Railway Station Access,Transport,31.2266,75.7668,114.18,5.81,Loam,8.4,2,12.81,3.14,RCC,Raft Foundation,Good,220.49,73.21,487,22.1,Good
LPU Sports Arena,Recreation,31.2526,75.7028,234.7,7.09,Loam,24.0,8,39.59,3.07,RCC,Isolated Footing,Good,176.77,62.43,2710,44.19,Major Repair
LPU Sports Arena,Recreation,31.2526,75.7028,229.0,6.32,Loam,3.2,8,34.2,3.25,Steel,Isolated Footing,Good,244.04,84.42,2610,37.58,Minor Repair
LPU Sports Arena,Recreation,31.2526,75.7028,229.42,6.19,Loam,8.9,10,38.03,4.43,RCC,Raft Foundation,Poor,186.92,77.08,2277,50.83,Major Repair
LPU Sports Arena,Recreation,31.2526,75.7028,261.31,7.45,Loam,35.4,11,43.96,2.56,RCC,Strip Footing,Poor,168.96,51.82,4507,81.87,Unsafe
LPU Sports Arena,Recreation,31.2526,75.7028,203.6,6.53,Loam,17.8,9,33.12,3.68,Steel,Pile Foundation,Good,231.21,89.98,2744,46.31,Major Repair
LPU Sports Arena,Recreation,31.2526,75.7028,96.97,4.86,Loam,11.8,7,43.92,4.21,RCC,Raft Foundation,Good,245.7,100.0,1888,31.13,Minor Repair
LPU Sports Arena,Recreation,31.2526,75.7028,136.56,5.06,Loam,4.0,6,35.94,4.41,RCC,Pile Foundation,Good,248.94,94.92,1759,36.23,Minor Repair
LPU Sports Arena,Recreation,31.2526,75.7028,201.31,6.03,Loam,27.7,9,36.57,3.17,Brick Masonry,Raft Foundation,Poor,194.9,83.56,2347,69.67,Unsafe
LPU Sports Arena,Recreation,31.2526,75.7028,179.78,6.89,Loam,17.7,9,34.66,3.27,Brick Masonry,Strip Footing,Moderate,205.38,68.71,2087,59.98,Major Repair
LPU Sports Arena,Recreation,31.2526,75.7028,188.25,6.61,Loam,14.5,10,37.07,3.65,RCC,Raft Foundation,Good,203.67,94.45,3745,33.43,Minor Repair
LPU Sports Arena,Recreation,31.2526,75.7028,200.86,6.21,Loam,8.6,10,34.76,3.21,RCC,Isolated Footing,Moderate,219.81,70.13,2921,53.23,Major Repair
LPU Sports Arena,Recreation,31.2526,75.7028,171.42,5.74,Loam,5.1,8,38.59,4.62,RCC,Raft Foundation,Good,250.04,91.4,1980,30.59,Minor Repair
LPU Sports Arena,Recreation,31.2526,75.7028,211.77,6.07,Loam,13.5,9,39.35,3.39,RCC,Raft Foundation,Moderate,208.34,73.38,3568,48.54,Major Repair
LPU Sports Arena,Recreation,31.2526,75.7028,84.92,5.96,Loam,15.2,9,26.99,3.64,RCC,Pile Foundation,Moderate,205.21,81.92,1887,36.8,Minor Repair
LPU Sports Arena,Recreation,31.2526,75.7028,177.05,6.84,Loam,15.5,11,36.13,3.89,RCC,Raft Foundation,Good,212.43,77.42,3267,40.89,Minor Repair
LPU Sports Arena,Recreation,31.2526,75.7028,218.25,6.64,Loam,23.2,10,32.81,3.77,Steel,Pile Foundation,Moderate,192.63,86.11,2472,43.08,Major Repair
LPU Sports Arena,Recreation,31.2526,75.7028,184.62,5.6,Loam,4.6,8,35.37,5.0,RCC,Raft Foundation,Good,258.27,90.49,1753,35.12,Minor Repair
LPU Sports Arena,Recreation,31.2526,75.7028,180.41,6.29,Loam,12.1,9,38.95,3.36,Brick Masonry,Raft Foundation,Good,206.23,71.52,2057,39.87,Minor Repair
LPU Sports Arena,Recreation,31.2526,75.7028,107.73,7.08,Loam,8.3,7,39.08,3.52,Steel,Isolated Footing,Good,205.48,78.52,2927,51.81,Major Repair
LPU Sports Arena,Recreation,31.2526,75.7028,159.41,6.22,Loam,21.4,8,42.16,3.45,RCC,Isolated Footing,Good,204.81,69.95,3196,41.01,Minor Repair
LPU Sports Arena,Recreation,31.2526,75.7028,245.54,7.11,Loam,15.0,8,43.14,3.47,RCC,Raft Foundation,Moderate,208.5,85.45,2278,39.01,Minor Repair
LPU Sports Arena,Recreation,31.2526,75.7028,223.09,6.1,Loam,22.8,9,31.3,3.44,RCC,Isolated Footing,Moderate,244.44,70.11,2743,41.32,Minor Repair
LPU Sports Arena,Recreation,31.2526,75.7028,142.32,5.98,Loam,21.3,9,38.56,3.5,RCC,Raft Foundation,Poor,183.39,51.77,4245,61.65,Unsafe
LPU Sports Arena,Recreation,31.2526,75.7028,165.99,6.18,Loam,5.4,7,29.09,4.49,Steel,Raft Foundation,Good,260.0,95.74,1584,24.56,Good
LPU Sports Arena,Recreation,31.2526,75.7028,240.08,6.39,Loam,11.5,8,38.24,4.28,Steel,Isolated Footing,Poor,227.85,58.49,1906,49.72,Major Repair
LPU Sports Arena,Recreation,31.2526,75.7028,280.84,7.53,Loam,32.8,11,42.22,3.17,Brick Masonry,Strip Footing,Poor,164.47,69.97,2698,71.96,Unsafe
LPU Sports Arena,Recreation,31.2526,75.7028,219.51,7.61,Loam,31.0,9,36.54,3.4,RCC,Pile Foundation,Moderate,192.59,75.27,1768,45.89,Major Repair
LPU Sports Arena,Recreation,31.2526,75.7028,214.1,6.13,Loam,13.8,8,38.63,4.14,RCC,Strip Footing,Good,189.83,83.79,3170,50.73,Major Repair
LPU Sports Arena,Recreation,31.2526,75.7028,203.96,7.15,Loam,27.8,9,41.03,3.91,RCC,Raft Foundation,Poor,216.3,59.31,3037,53.32,Major Repair
LPU Sports Arena,Recreation,31.2526,75.7028,206.53,6.31,Loam,25.6,7,45.45,2.86,RCC,Isolated Footing,Moderate,203.24,88.0,3112,51.03,Major Repair
LPU Sports Arena,Recreation,31.2526,75.7028,272.17,7.25,Loam,39.7,8,42.64,2.3,RCC,Strip Footing,Poor,139.19,52.33,3549,77.81,Unsafe
LPU Sports Arena,Recreation,31.2526,75.7028,198.38,7.41,Loam,9.9,10,36.76,3.74,RCC,Raft Foundation,Moderate,208.45,78.2,3039,48.9,Major Repair
LPU Sports Arena,Recreation,31.2526,75.7028,186.75,6.04,Loam,21.6,9,32.98,3.65,Brick Masonry,Raft Foundation,Good,200.46,77.08,2313,40.36,Minor Repair
LPU Sports Arena,Recreation,31.2526,75.7028,223.07,6.43,Loam,17.4,8,33.43,3.88,RCC,Pile Foundation,Good,209.43,96.91,2405,29.58,Minor Repair
LPU Sports Arena,Recreation,31.2526,75.7028,157.43,5.26,Loam,0.0,6,38.38,5.0,Steel,Raft Foundation,Good,251.99,89.03,1713,39.73,Minor Repair
LPU Main Auditorium,Education,31.2558,75.7042,217.63,7.03,Loam,20.2,8,34.81,2.99,RCC,Isolated Footing,Poor,181.78,73.96,1700,61.38,Unsafe
LPU Main Auditorium,Education,31.2558,75.7042,211.53,4.57,Loam,10.0,8,41.7,4.52,RCC,Raft Foundation,Good,260.0,100.0,1892,31.1,Minor Repair
LPU Main Auditorium,Education,31.2558,75.7042,189.76,5.19,Loam,16.3,10,41.18,3.95,RCC,Raft Foundation,Moderate,185.75,100.0,2537,57.21,Major Repair
LPU Main Auditorium,Education,31.2558,75.7042,201.48,5.29,Loam,20.3,7,33.95,2.83,Brick Masonry,Isolated Footing,Poor,195.37,94.94,2600,53.37,Major Repair
LPU Main Auditorium,Education,31.2558,75.7042,164.98,4.64,Loam,14.9,7,40.18,4.07,Steel,Raft Foundation,Good,221.11,99.11,2398,40.38,Minor Repair
LPU Main Auditorium,Education,31.2558,75.7042,172.51,5.95,Loam,25.7,10,45.34,4.21,Steel,Strip Footing,Moderate,239.35,74.97,2766,59.98,Major Repair
LPU Main Auditorium,Education,31.2558,75.7042,209.8,6.78,Loam,11.9,8,40.92,3.68,RCC,Isolated Footing,Moderate,219.12,84.83,3242,43.49,Major Repair
LPU Main Auditorium,Education,31.2558,75.7042,247.14,5.72,Loam,19.0,11,37.77,2.69,RCC,Strip Footing,Moderate,172.07,49.4,2243,69.6,Unsafe
LPU Main Auditorium,Education,31.2558,75.7042,289.2,7.21,Loam,30.7,11,46.69,2.77,Brick Masonry,Strip Footing,Poor,205.62,60.88,2893,74.76,Unsafe
LPU Main Auditorium,Education,31.2558,75.7042,152.06,5.86,Loam,28.0,8,38.25,4.08,RCC,Raft Foundation,Moderate,231.73,84.43,1811,44.75,Major Repair
LPU Main Auditorium,Education,31.2558,75.7042,260.96,5.62,Loam,26.7,9,43.09,3.22,RCC,Raft Foundation,Good,183.75,73.95,2832,48.35,Major Repair
LPU Main Auditorium,Education,31.2558,75.7042,259.94,5.87,Loam,33.8,8,33.19,2.57,Steel,Raft Foundation,Good,193.01,63.57,2271,39.01,Minor Repair
LPU Main Auditorium,Education,31.2558,75.7042,229.64,6.0,Loam,21.4,6,46.01,3.52,RCC,Strip Footing,Good,223.63,89.85,2529,54.39,Major Repair
LPU Main Auditorium,Education,31.2558,75.7042,177.36,5.58,Loam,27.9,9,34.09,3.04,Brick Masonry,Isolated Footing,Moderate,221.76,79.92,2213,54.99,Major Repair
LPU Main Auditorium,Education,31.2558,75.7042,230.12,5.3,Loam,25.7,8,46.38,2.21,RCC,Raft Foundation,Good,224.9,76.39,2343,49.01,Major Repair
LPU Main Auditorium,Education,31.2558,75.7042,135.81,4.34,Loam,6.0,8,32.39,4.08,RCC,Raft Foundation,Good,260.0,100.0,1205,31.84,Minor Repair
LPU Main Auditorium,Education,31.2558,75.7042,203.0,6.81,Loam,26.0,9,37.13,3.36,Steel,Pile Foundation,Moderate,225.29,56.33,2310,58.87,Major Repair
LPU Main Auditorium,Education,31.2558,75.7042,158.03,4.95,Loam,13.7,9,30.94,4.75,RCC,Raft Foundation,Good,244.6,98.04,1239,35.1,Minor Repair
LPU Main Auditorium,Education,31.2558,75.7042,209.68,5.54,Loam,19.1,6,44.4,3.02,RCC,Raft Foundation,Good,165.81,95.35,2641,41.75,Minor Repair
LPU Main Auditorium,Education,31.2558,75.7042,225.83,6.06,Loam,34.4,10,38.59,3.08,RCC,Isolated Footing,Moderate,204.61,88.0,3113,56.99,Major Repair
LPU Main Auditorium,Education,31.2558,75.7042,148.25,4.65,Loam,5.2,6,37.63,5.0,Steel,Raft Foundation,Good,256.03,100.0,1409,29.04,Minor Repair
LPU Main Auditorium,Education,31.2558,75.7042,211.46,5.78,Loam,28.5,9,43.65,3.36,Brick Masonry,Isolated Footing,Poor,167.44,65.8,2707,67.29,Unsafe
LPU Main Auditorium,Education,31.2558,75.7042,173.8,5.33,Loam,13.7,8,36.77,3.26,RCC,Strip Footing,Moderate,237.0,85.93,2814,51.82,Major Repair
LPU Main Auditorium,Education,31.2558,75.7042,183.39,4.49,Loam,15.2,10,47.85,3.96,RCC,Strip Footing,Moderate,246.83,80.21,2604,47.83,Major Repair
LPU Main Auditorium,Education,31.2558,75.7042,211.84,5.92,Loam,11.7,7,40.69,3.68,Brick Masonry,Pile Foundation,Good,224.67,78.2,2372,34.75,Minor Repair
LPU Main Auditorium,Education,31.2558,75.7042,250.25,5.31,Loam,16.3,10,41.75,3.54,RCC,Strip Footing,Good,240.16,96.66,2156,44.93,Major Repair
LPU Main Auditorium,Education,31.2558,75.7042,247.98,5.46,Loam,12.6,8,38.96,3.78,RCC,Raft Foundation,Moderate,212.1,100.0,1893,36.84,Minor Repair
LPU Main Auditorium,Education,31.2558,75.7042,203.37,5.66,Loam,19.1,7,39.0,2.84,RCC,Raft Foundation,Moderate,260.0,79.89,2428,43.24,Major Repair
LPU Main Auditorium,Education,31.2558,75.7042,266.66,6.79,Loam,38.2,11,44.96,2.32,Brick Masonry,Strip Footing,Poor,190.06,60.87,3146,75.85,Unsafe
LPU Main Auditorium,Education,31.2558,75.7042,138.61,4.84,Loam,15.1,8,28.36,3.89,Steel,Raft Foundation,Good,225.31,100.0,1534,39.69,Minor Repair
LPU Main Auditorium,Education,31.2558,75.7042,161.03,4.14,Loam,16.2,9,28.66,4.19,RCC,Raft Foundation,Good,249.73,89.73,1843,30.39,Minor Repair
LPU Main Auditorium,Education,31.2558,75.7042,258.94,6.28,Loam,21.2,9,42.73,3.34,Steel,Raft Foundation,Good,195.17,59.84,2197,54.08,Major Repair
LPU Main Auditorium,Education,31.2558,75.7042,241.41,6.65,Loam,15.9,10,40.33,3.24,RCC,Pile Foundation,Good,220.69,67.26,2973,34.74,Minor Repair
LPU Main Auditorium,Education,31.2558,75.7042,234.0,5.23,Loam,16.5,8,41.0,4.02,RCC,Isolated Footing,Good,247.59,73.21,2329,34.05,Minor Repair
LPU Main Auditorium,Education,31.2558,75.7042,136.8,4.69,Loam,11.9,6,33.38,4.02,RCC,Raft Foundation,Good,220.78,89.85,1380,35.71,Minor Repair
School Cluster,Education,31.2328,75.7619,35.78,3.62,Loam,3.1,1,14.8,3.27,RCC,Pile Foundation,Good,233.65,100.0,462,9.86,Good
School Cluster,Education,31.2328,75.7619,131.96,4.48,Loam,12.2,4,12.57,2.8,RCC,Strip Footing,Poor,189.35,85.1,551,44.88,Major Repair
School Cluster,Education,31.2328,75.7619,57.03,4.15,Loam,13.4,6,15.23,3.07,RCC,Pile Foundation,Moderate,203.44,88.14,866,32.96,Minor Repair
School Cluster,Education,31.2328,75.7619,96.4,4.67,Loam,8.2,4,18.0,3.84,RCC,Raft Foundation,Good,240.55,100.0,594,27.34,Minor Repair
School Cluster,Education,31.2328,75.7619,86.22,4.94,Loam,23.0,4,23.76,1.77,RCC,Strip Footing,Moderate,184.89,75.19,730,29.81,Minor Repair
School Cluster,Education,31.2328,75.7619,17.14,3.05,Loam,2.9,1,7.01,4.12,RCC,Raft Foundation,Good,211.28,100.0,827,9.27,Good
School Cluster,Education,31.2328,75.7619,117.65,4.12,Loam,13.3,4,18.64,2.67,RCC,Pile Foundation,Good,187.91,84.36,786,18.61,Good
School Cluster,Education,31.2328,75.7619,52.62,5.14,Loam,20.4,4,14.37,2.97,RCC,Raft Foundation,Good,228.06,93.62,722,32.8,Minor Repair
School Cluster,Education,31.2328,75.7619,133.42,5.44,Loam,29.6,4,17.92,1.71,RCC,Raft Foundation,Moderate,175.29,58.35,459,37.16,Minor Repair
School Cluster,Education,31.2328,75.7619,70.37,4.12,Loam,5.7,3,18.68,3.45,RCC,Raft Foundation,Good,211.02,100.0,492,15.18,Good
School Cluster,Education,31.2328,75.7619,101.39,4.83,Loam,18.3,1,17.94,2.95,RCC,Strip Footing,Good,229.23,50.56,931,37.54,Minor Repair
School Cluster,Education,31.2328,75.7619,46.79,4.17,Loam,0.0,1,14.43,3.93,RCC,Raft Foundation,Good,260.0,84.1,480,20.51,Good
School Cluster,Education,31.2328,75.7619,119.73,5.09,Loam,21.2,5,24.21,1.99,RCC,Isolated Footing,Poor,167.32,55.78,761,52.51,Major Repair
School Cluster,Education,31.2328,75.7619,171.99,6.58,Loam,33.8,6,24.57,1.92,Brick Masonry,Strip Footing,Poor,172.11,44.94,1190,68.25,Unsafe
School Cluster,Education,31.2328,75.7619,92.71,4.35,Loam,5.3,3,13.99,2.94,RCC,Raft Foundation,Good,244.62,61.59,629,10.28,Good
School Cluster,Education,31.2328,75.7619,53.41,3.19,Loam,12.0,1,18.79,4.19,RCC,Pile Foundation,Good,243.82,71.93,484,17.67,Good
School Cluster,Education,31.2328,75.7619,77.26,5.13,Loam,16.0,4,18.29,2.92,RCC,Raft Foundation,Poor,190.51,68.31,947,28.27,Minor Repair
School Cluster,Education,31.2328,75.7619,177.83,4.32,Loam,20.9,4,18.27,2.03,Brick Masonry,Strip Footing,Moderate,186.31,62.02,1093,46.88,Major Repair
School Cluster,Education,31.2328,75.7619,49.7,3.92,Loam,7.6,1,11.72,3.4,RCC,Pile Foundation,Good,240.19,100.0,563,8.69,Good
School Cluster,Education,31.2328,75.7619,72.59,4.75,Loam,15.2,5,23.05,2.61,RCC,Isolated Footing,Poor,217.45,78.47,478,38.73,Minor Repair
School Cluster,Education,31.2328,75.7619,61.75,4.08,Loam,7.1,3,15.15,3.96,RCC,Pile Foundation,Good,259.41,89.92,529,24.96,Good
School Cluster,Education,31.2328,75.7619,87.42,4.32,Loam,13.5,3,13.31,3.36,RCC,Raft Foundation,Moderate,181.78,88.8,918,24.04,Good
School Cluster,Education,31.2328,75.7619,67.67,3.58,Loam,4.3,2,13.04,4.12,Steel,Raft Foundation,Good,210.71,78.01,666,7.05,Good
School Cluster,Education,31.2328,75.7619,39.22,4.55,Loam,9.4,4,14.3,3.87,RCC,Pile Foundation,Good,246.0,98.91,585,20.54,Good
School Cluster,Education,31.2328,75.7619,204.4,6.62,Loam,32.3,5,25.09,1.21,Brick Masonry,Strip Footing,Poor,116.98,50.52,1128,84.41,Unsafe
School Cluster,Education,31.2328,75.7619,108.81,4.43,Loam,15.1,4,20.22,2.92,RCC,Pile Foundation,Moderate,171.17,45.07,711,34.06,Minor Repair
School Cluster,Education,31.2328,75.7619,135.74,6.88,Loam,33.4,7,20.44,1.3,Brick Masonry,Strip Footing,Poor,211.98,61.04,999,71.93,Unsafe
School Cluster,Education,31.2328,75.7619,122.21,5.01,Loam,19.8,3,17.46,2.43,RCC,Strip Footing,Moderate,217.65,72.99,838,33.18,Minor Repair
School Cluster,Education,31.2328,75.7619,159.49,5.77,Loam,20.0,6,20.36,2.02,RCC,Strip Footing,Moderate,207.5,70.38,737,48.2,Major Repair
School Cluster,Education,31.2328,75.7619,84.19,3.65,Loam,19.0,4,20.76,3.06,RCC,Strip Footing,Moderate,223.32,88.57,1027,30.51,Minor Repair
School Cluster,Education,31.2328,75.7619,34.78,3.34,Loam,9.1,3,9.31,3.43,Steel,Raft Foundation,Good,212.28,100.0,478,14.04,Good
School Cluster,Education,31.2328,75.7619,19.07,4.59,Loam,15.9,2,19.7,3.35,Steel,Raft Foundation,Good,220.22,100.0,489,24.44,Good
School Cluster,Education,31.2328,75.7619,72.02,4.79,Loam,21.1,3,20.87,2.43,RCC,Pile Foundation,Moderate,182.91,79.33,569,35.63,Minor Repair
School Cluster,Education,31.2328,75.7619,175.56,5.36,Loam,33.2,4,18.85,2.29,Brick Masonry,Strip Footing,Poor,157.68,54.54,1263,65.8,Unsafe
School Cluster,Education,31.2328,75.7619,43.52,4.03,Loam,10.6,1,13.17,2.64,RCC,Strip Footing,Good,179.99,78.04,1001,23.47,Good
LPU Block 32,Academic,31.2548,75.7062,112.43,2.77,Loam,38.7,11,44.14,2.71,Brick Masonry,Isolated Footing,Poor,212.15,65.24,2353,61.98,Unsafe
LPU Block 32,Academic,31.2548,75.7062,27.87,2.98,Loam,21.1,8,44.1,3.33,Steel,Strip Footing,Moderate,211.52,90.32,2142,47.06,Major Repair
LPU Block 32,Academic,31.2548,75.7062,25.0,1.82,Loam,26.3,7,40.96,2.93,Brick Masonry,Isolated Footing,Moderate,185.99,84.31,1349,47.55,Major Repair
LPU Block 32,Academic,31.2548,75.7062,7.43,0.1,Loam,12.0,7,36.84,4.55,Steel,Raft Foundation,Good,260.0,100.0,1348,23.78,Good
LPU Block 32,Academic,31.2548,75.7062,0.0,0.86,Loam,16.2,7,45.23,2.59,RCC,Isolated Footing,Poor,235.13,87.51,1762,42.09,Major Repair
LPU Block 32,Academic,31.2548,75.7062,0.0,1.76,Loam,25.4,8,44.57,3.3,RCC,Isolated Footing,Good,229.21,85.27,1803,38.54,Minor Repair
LPU Block 32,Academic,31.2548,75.7062,0.0,2.58,Loam,16.9,7,37.72,2.81,RCC,Strip Footing,Good,230.13,79.98,2064,43.19,Major Repair
LPU Block 32,Academic,31.2548,75.7062,0.0,1.63,Loam,18.3,11,45.06,3.7,RCC,Isolated Footing,Good,211.56,73.53,1674,39.96,Minor Repair
LPU Block 32,Academic,31.2548,75.7062,26.7,2.26,Loam,19.5,7,37.28,3.57,RCC,Raft Foundation,Poor,226.81,88.11,1757,36.94,Minor Repair
LPU Block 32,Academic,31.2548,75.7062,90.9,1.68,Loam,25.7,8,36.13,3.21,RCC,Strip Footing,Moderate,179.09,85.9,1659,51.91,Major Repair
LPU Block 32,Academic,31.2548,75.7062,27.95,2.37,Loam,13.4,9,46.12,3.43,Brick Masonry,Raft Foundation,Moderate,198.57,65.95,1877,54.06,Major Repair
LPU Block 32,Academic,31.2548,75.7062,0.0,2.08,Loam,11.7,11,40.54,2.72,Steel,Raft Foundation,Moderate,208.76,100.0,1805,50.84,Major Repair
LPU Block 32,Academic,31.2548,75.7062,65.0,2.46,Loam,36.8,11,51.32,1.82,RCC,Isolated Footing,Poor,155.53,39.57,2826,70.8,Unsafe
LPU Block 32,Academic,31.2548,75.7062,0.0,2.27,Loam,21.4,9,48.56,3.47,RCC,Isolated Footing,Moderate,229.44,100.0,1920,47.2,Major Repair
LPU Block 32,Academic,31.2548,75.7062,0.0,1.47,Loam,9.4,8,42.67,3.92,RCC,Raft Foundation,Good,255.57,96.49,1008,30.0,Minor Repair
LPU Block 32,Academic,31.2548,75.7062,65.0,3.34,Loam,38.6,10,55.0,1.95,Brick Masonry,Strip Footing,Poor,166.98,57.08,2506,78.02,Unsafe
LPU Block 32,Academic,31.2548,75.7062,65.8,2.3,Loam,19.3,8,46.78,2.51,Brick Masonry,Raft Foundation,Moderate,224.65,88.0,2540,49.23,Major Repair
LPU Block 32,Academic,31.2548,75.7062,6.02,1.51,Loam,18.4,9,38.33,3.02,RCC,Pile Foundation,Good,194.22,62.18,1662,39.26,Minor Repair
LPU Block 32,Academic,31.2548,75.7062,3.78,1.82,Loam,11.1,7,37.26,3.94,Steel,Raft Foundation,Good,237.39,93.25,1228,33.58,Minor Repair
LPU Block 32,Academic,31.2548,75.7062,0.23,2.76,Loam,27.6,8,36.12,2.76,RCC,Strip Footing,Poor,226.78,71.44,2165,46.02,Major Repair
LPU Block 32,Academic,31.2548,75.7062,0.0,1.21,Loam,18.7,9,41.39,2.62,Brick Masonry,Strip Footing,Poor,225.74,65.37,981,53.14,Major Repair
LPU Block 32,Academic,31.2548,75.7062,16.97,0.9,Loam,22.6,9,47.57,3.56,RCC,Pile Foundation,Good,240.18,69.77,1942,31.65,Minor Repair
LPU Block 32,Academic,31.2548,75.7062,49.32,1.13,Loam,25.2,9,42.88,2.88,Steel,Raft Foundation,Poor,198.49,88.29,1541,46.93,Major Repair
LPU Block 32,Academic,31.2548,75.7062,28.05,2.14,Loam,23.2,6,38.42,2.64,Steel,Isolated Footing,Moderate,208.39,88.0,1336,40.08,Minor Repair
LPU Block 32,Academic,31.2548,75.7062,6.96,0.98,Loam,26.3,7,42.05,3.36,RCC,Raft Foundation,Moderate,221.55,75.65,1821,40.72,Minor Repair
LPU Block 32,Academic,31.2548,75.7062,0.0,0.2,Loam,19.4,9,39.37,4.38,Steel,Raft Foundation,Good,243.34,85.36,1631,34.72,Minor Repair
LPU Block 32,Academic,31.2548,75.7062,9.46,1.45,Loam,12.9,6,38.64,4.47,RCC,Raft Foundation,Good,253.46,100.0,1266,18.62,Good
LPU Block 32,Academic,31.2548,75.7062,85.55,3.92,Loam,43.5,12,46.1,2.24,RCC,Strip Footing,Poor,148.14,50.04,2876,80.22,Unsafe
LPU Block 32,Academic,31.2548,75.7062,63.1,1.16,Loam,21.0,8,41.99,2.83,RCC,Isolated Footing,Good,201.89,96.21,1297,35.46,Minor Repair
LPU Block 32,Academic,31.2548,75.7062,25.0,2.69,Loam,28.8,8,42.03,2.83,Steel,Isolated Footing,Poor,197.52,61.57,2008,60.81,Unsafe
LPU Block 32,Academic,31.2548,75.7062,65.0,2.46,Loam,37.7,11,48.0,2.11,RCC,Strip Footing,Poor,129.66,64.63,2536,65.41,Unsafe
LPU Block 32,Academic,31.2548,75.7062,41.67,1.6,Loam,17.9,7,43.34,2.7,RCC,Strip Footing,Moderate,260.0,81.56,1449,39.27,Minor Repair
LPU Block 32,Academic,31.2548,75.7062,0.0,1.69,Loam,18.0,8,43.09,4.66,RCC,Pile Foundation,Good,242.56,99.93,717,24.76,Good
LPU Block 32,Academic,31.2548,75.7062,0.0,2.52,Loam,23.0,9,43.15,3.05,RCC,Raft Foundation,Good,216.84,55.86,1921,43.26,Major Repair
LPU Block 32,Academic,31.2548,75.7062,36.56,2.25,Loam,29.4,7,39.77,2.68,RCC,Pile Foundation,Moderate,199.88,73.99,1640,39.68,Minor Repair
LPU School of Civil Engineering,Academic,31.2532,75.7056,0.0,1.48,Loam,12.7,9,38.7,2.8,RCC,Isolated Footing,Moderate,186.59,100.0,962,40.88,Minor Repair
LPU School of Civil Engineering,Academic,31.2532,75.7056,9.4,1.31,Loam,11.4,8,32.23,3.79,Steel,Isolated Footing,Moderate,213.04,83.14,1681,35.0,Minor Repair
LPU School of Civil Engineering,Academic,31.2532,75.7056,0.0,2.15,Loam,18.2,9,41.58,3.61,RCC,Raft Foundation,Good,215.93,84.68,1461,33.99,Minor Repair
LPU School of Civil Engineering,Academic,31.2532,75.7056,25.62,1.65,Loam,34.1,12,43.21,2.66,Brick Masonry,Strip Footing,Poor,223.42,72.32,1705,62.54,Unsafe
LPU School of Civil Engineering,Academic,31.2532,75.7056,0.0,1.47,Loam,20.7,10,33.4,3.07,RCC,Raft Foundation,Good,234.61,83.84,1445,41.84,Minor Repair
LPU School of Civil Engineering,Academic,31.2532,75.7056,4.49,1.25,Loam,19.4,8,39.03,2.57,RCC,Pile Foundation,Good,196.03,79.5,1394,33.07,Minor Repair
LPU School of Civil Engineering,Academic,31.2532,75.7056,0.0,0.93,Loam,14.0,8,41.78,3.33,RCC,Raft Foundation,Moderate,242.85,98.78,1982,33.99,Minor Repair
LPU School of Civil Engineering,Academic,31.2532,75.7056,0.0,2.25,Loam,14.6,10,45.26,3.59,Steel,Pile Foundation,Moderate,210.46,92.19,1832,39.92,Minor Repair
LPU School of Civil Engineering,Academic,31.2532,75.7056,16.24,1.05,Loam,16.8,5,35.45,4.15,RCC,Raft Foundation,Good,260.0,100.0,1372,30.08,Minor Repair
LPU School of Civil Engineering,Academic,31.2532,75.7056,39.89,1.83,Loam,21.8,9,42.92,2.54,Brick Masonry,Raft Foundation,Good,227.9,82.07,1456,39.59,Minor Repair
LPU School of Civil Engineering,Academic,31.2532,75.7056,25.0,2.24,Loam,32.2,10,38.88,3.22,Brick Masonry,Strip Footing,Poor,174.87,70.28,1470,64.7,Unsafe
LPU School of Civil Engineering,Academic,31.2532,75.7056,0.0,0.88,Loam,21.0,9,38.93,3.25,RCC,Pile Foundation,Moderate,211.17,100.0,928,30.89,Minor Repair
LPU School of Civil Engineering,Academic,31.2532,75.7056,0.0,0.24,Loam,18.2,9,41.85,3.74,RCC,Pile Foundation,Good,222.66,84.77,1419,33.99,Minor Repair
LPU School of Civil Engineering,Academic,31.2532,75.7056,0.0,1.93,Loam,17.4,8,40.91,3.61,Steel,Isolated Footing,Poor,224.4,73.4,1692,45.36,Major Repair
LPU School of Civil Engineering,Academic,31.2532,75.7056,4.05,0.81,Loam,17.2,8,45.79,3.51,RCC,Raft Foundation,Good,184.76,79.78,1356,33.65,Minor Repair
LPU School of Civil Engineering,Academic,31.2532,75.7056,65.11,1.98,Loam,33.2,11,36.8,2.66,Brick Masonry,Strip Footing,Poor,186.76,72.62,1776,56.32,Major Repair
LPU School of Civil Engineering,Academic,31.2532,75.7056,38.72,1.45,Loam,33.9,11,37.92,2.7,RCC,Raft Foundation,Good,183.45,87.83,1578,38.83,Minor Repair
LPU School of Civil Engineering,Academic,31.2532,75.7056,94.47,3.2,Loam,34.5,11,51.92,2.06,RCC,Strip Footing,Poor,215.0,52.8,2085,69.95,Unsafe
LPU School of Civil Engineering,Academic,31.2532,75.7056,36.11,2.21,Loam,38.5,10,35.56,2.67,RCC,Pile Foundation,Moderate,194.98,57.46,1259,59.74,Major Repair
LPU School of Civil Engineering,Academic,31.2532,75.7056,33.35,2.7,Loam,28.6,10,39.05,3.07,RCC,Raft Foundation,Good,201.6,58.85,1369,40.81,Minor Repair
LPU School of Civil Engineering,Academic,31.2532,75.7056,0.0,1.59,Loam,12.4,11,41.2,3.34,RCC,Isolated Footing,Good,240.43,53.44,1650,38.32,Minor Repair
LPU School of Civil Engineering,Academic,31.2532,75.7056,0.0,0.46,Loam,14.3,6,34.24,4.38,RCC,Pile Foundation,Good,248.62,89.52,1074,28.36,Minor Repair
LPU School of Civil Engineering,Academic,31.2532,75.7056,0.0,1.09,Loam,10.5,8,43.96,3.19,RCC,Raft Foundation,Moderate,181.22,78.88,1298,34.56,Minor Repair
LPU School of Civil Engineering,Academic,31.2532,75.7056,80.82,2.79,Loam,34.1,13,47.65,2.23,Brick Masonry,Isolated Footing,Poor,174.37,74.0,2639,72.75,Unsafe
LPU School of Civil Engineering,Academic,31.2532,75.7056,60.41,1.96,Loam,27.8,11,42.08,3.97,Steel,Raft Foundation,Good,206.14,58.91,1519,52.05,Major Repair
LPU School of Civil Engineering,Academic,31.2532,75.7056,0.0,1.0,Loam,11.1,8,34.13,3.5,RCC,Raft Foundation,Moderate,225.18,75.69,1266,33.24,Minor Repair
LPU School of Civil Engineering,Academic,31.2532,75.7056,76.07,3.76,Loam,35.7,13,46.87,2.6,RCC,Strip Footing,Poor,188.92,51.07,3053,76.92,Unsafe
LPU School of Civil Engineering,Academic,31.2532,75.7056,0.0,0.1,Loam,13.7,7,35.6,4.43,RCC,Raft Foundation,Good,233.59,100.0,1303,27.59,Minor Repair
LPU School of Civil Engineering,Academic,31.2532,75.7056,50.72,1.35,Loam,30.0,9,42.32,2.74,RCC,Isolated Footing,Moderate,181.2,50.4,1914,53.33,Major Repair
LPU School of Civil Engineering,Academic,31.2532,75.7056,65.0,3.35,Loam,34.8,11,52.72,2.0,Brick Masonry,Strip Footing,Poor,156.66,49.75,3022,77.59,Unsafe
LPU School of Civil Engineering,Academic,31.2532,75.7056,0.0,2.69,Loam,19.4,9,36.71,3.4,Brick Masonry,Raft Foundation,Good,216.42,74.07,1630,42.81,Major Repair
LPU School of Civil Engineering,Academic,31.2532,75.7056,25.0,1.87,Loam,25.4,8,44.57,2.71,RCC,Strip Footing,Poor,190.49,68.78,1720,54.37,Major Repair
LPU School of Civil Engineering,Academic,31.2532,75.7056,25.0,1.74,Loam,27.9,10,39.99,2.79,RCC,Pile Foundation,Good,167.15,69.41,1491,30.71,Minor Repair
LPU School of Civil Engineering,Academic,31.2532,75.7056,0.0,1.83,Loam,14.2,8,35.33,3.23,RCC,Strip Footing,Good,200.25,90.89,1989,44.94,Major Repair
LPU School of Civil Engineering,Academic,31.2532,75.7056,0.0,2.07,Loam,31.2,10,43.59,3.33,Brick Masonry,Raft Foundation,Good,214.22,86.13,1336,41.5,Minor Repair
LPU Girls Hostel GH-1,Residential,31.2575,75.7094,39.83,3.68,Loam,18.2,11,38.59,2.33,RCC,Pile Foundation,Poor,185.6,87.6,4019,47.66,Major Repair
LPU Girls Hostel GH-1,Residential,31.2575,75.7094,8.56,1.6,Loam,4.1,10,29.96,4.55,RCC,Pile Foundation,Good,239.56,89.53,2779,34.76,Minor Repair
LPU Girls Hostel GH-1,Residential,31.2575,75.7094,93.55,3.06,Loam,28.3,11,45.77,2.36,RCC,Raft Foundation,Poor,178.59,67.87,3604,57.76,Major Repair
LPU Girls Hostel GH-1,Residential,31.2575,75.7094,37.35,3.8,Loam,18.2,10,32.82,2.12,Steel,Isolated Footing,Good,149.25,45.4,3217,50.73,Major Repair
LPU Girls Hostel GH-1,Residential,31.2575,75.7094,12.3,3.03,Loam,17.1,11,39.46,3.04,Steel,Raft Foundation,Poor,205.81,97.29,4265,37.81,Minor Repair
LPU Girls Hostel GH-1,Residential,31.2575,75.7094,86.15,3.15,Loam,23.9,9,39.09,2.38,Steel,Strip Footing,Poor,181.83,59.98,4055,64.38,Unsafe
LPU Girls Hostel GH-1,Residential,31.2575,75.7094,20.13,2.7,Loam,13.2,9,33.89,3.49,RCC,Isolated Footing,Good,182.73,82.69,3236,36.58,Minor Repair
LPU Girls Hostel GH-1,Residential,31.2575,75.7094,61.45,2.41,Loam,11.3,7,37.89,3.13,RCC,Isolated Footing,Good,214.54,74.71,4090,31.98,Minor Repair
LPU Girls Hostel GH-1,Residential,31.2575,75.7094,0.0,2.1,Loam,13.5,7,34.0,4.29,Steel,Raft Foundation,Good,246.52,97.04,2677,30.58,Minor Repair
LPU Girls Hostel GH-1,Residential,31.2575,75.7094,57.39,3.61,Loam,31.9,9,37.0,3.0,RCC,Pile Foundation,Moderate,190.25,53.7,3513,44.31,Major Repair
LPU Girls Hostel GH-1,Residential,31.2575,75.7094,56.32,3.32,Loam,14.5,8,37.79,2.81,Brick Masonry,Raft Foundation,Moderate,183.88,57.61,3524,42.25,Major Repair
LPU Girls Hostel GH-1,Residential,31.2575,75.7094,32.2,3.15,Loam,12.2,10,39.54,3.0,RCC,Pile Foundation,Good,219.36,95.75,4075,36.94,Minor Repair
LPU Girls Hostel GH-1,Residential,31.2575,75.7094,31.42,2.66,Loam,25.2,7,32.95,3.08,RCC,Raft Foundation,Poor,206.96,70.88,4088,42.48,Major Repair
LPU Girls Hostel GH-1,Residential,31.2575,75.7094,90.68,2.27,Loam,25.0,7,37.16,3.07,Steel,Raft Foundation,Poor,186.09,67.01,4247,56.87,Major Repair
LPU Girls Hostel GH-1,Residential,31.2575,75.7094,41.6,2.77,Loam,23.1,9,32.35,2.66,RCC,Pile Foundation,Poor,208.68,59.61,5462,48.58,Major Repair
LPU Girls Hostel GH-1,Residential,31.2575,75.7094,120.36,5.18,Loam,33.6,12,39.9,1.81,Brick Masonry,Isolated Footing,Poor,162.91,53.42,5949,87.14,Unsafe
LPU Girls Hostel GH-1,Residential,31.2575,75.7094,80.02,3.48,Loam,19.2,9,38.4,2.64,Steel,Raft Foundation,Moderate,190.24,58.97,4943,33.84,Minor Repair
LPU Girls Hostel GH-1,Residential,31.2575,75.7094,106.61,3.74,Loam,38.1,11,40.45,2.23,Brick Masonry,Strip Footing,Poor,175.27,69.94,6000,70.02,Unsafe
LPU Girls Hostel GH-1,Residential,31.2575,75.7094,90.53,3.25,Loam,22.9,10,28.22,2.42,Brick Masonry,Isolated Footing,Good,189.25,75.86,3131,57.38,Major Repair
LPU Girls Hostel GH-1,Residential,31.2575,75.7094,49.59,2.75,Loam,8.9,9,37.91,2.57,RCC,Strip Footing,Moderate,210.63,79.25,2533,44.19,Major Repair
LPU Girls Hostel GH-1,Residential,31.2575,75.7094,74.56,3.67,Loam,25.7,10,38.32,2.35,RCC,Isolated Footing,Good,185.26,83.38,3547,36.92,Minor Repair
LPU Girls Hostel GH-1,Residential,31.2575,75.7094,5.39,3.01,Loam,12.6,9,39.07,2.43,RCC,Pile Foundation,Good,192.95,82.84,4192,27.52,Minor Repair
LPU Girls Hostel GH-1,Residential,31.2575,75.7094,14.74,2.85,Loam,15.9,10,44.48,2.78,RCC,Raft Foundation,Moderate,218.66,72.77,2248,40.07,Minor Repair
LPU Girls Hostel GH-1,Residential,31.2575,75.7094,116.66,3.6,Loam,23.9,7,42.95,2.83,RCC,Raft Foundation,Poor,152.09,61.55,4257,59.22,Major Repair
LPU Girls Hostel GH-1,Residential,31.2575,75.7094,108.31,3.65,Loam,19.4,9,36.71,3.4,RCC,Isolated Footing,Moderate,199.66,97.82,2847,49.07,Major Repair
LPU Girls Hostel GH-1,Residential,31.2575,75.7094,38.76,3.69,Loam,24.5,7,31.36,2.38,RCC,Raft Foundation,Moderate,229.7,83.04,3846,40.18,Minor Repair
LPU Girls Hostel GH-1,Residential,31.2575,75.7094,8.18,3.41,Loam,6.9,8,43.22,3.06,Steel,Strip Footing,Poor,212.79,65.06,4583,53.55,Major Repair
LPU Girls Hostel GH-1,Residential,31.2575,75.7094,50.86,2.89,Loam,18.9,9,35.84,2.87,Brick Masonry,Isolated Footing,Moderate,219.09,81.72,4217,51.55,Major Repair
LPU Girls Hostel GH-1,Residential,31.2575,75.7094,33.97,3.37,Loam,21.7,9,32.39,2.7,Steel,Raft Foundation,Poor,177.15,94.75,4389,48.61,Major Repair
LPU Girls Hostel GH-1,Residential,31.2575,75.7094,44.36,2.99,Loam,10.0,11,37.21,2.3,RCC,Strip Footing,Good,164.24,70.03,3737,51.66,Major Repair
LPU Girls Hostel GH-1,Residential,31.2575,75.7094,51.63,2.99,Loam,16.1,7,39.21,3.17,RCC,Isolated Footing,Moderate,197.58,75.1,3712,43.49,Major Repair
LPU Girls Hostel GH-1,Residential,31.2575,75.7094,81.44,4.78,Loam,25.0,8,38.58,2.56,Steel,Raft Foundation,Moderate,187.0,67.82,3966,51.6,Major Repair
LPU Girls Hostel GH-1,Residential,31.2575,75.7094,57.87,2.34,Loam,13.5,8,43.6,3.06,RCC,Isolated Footing,Moderate,192.71,80.42,3735,37.12,Minor Repair
LPU Girls Hostel GH-1,Residential,31.2575,75.7094,78.31,2.77,Loam,28.1,9,40.21,3.1,RCC,Strip Footing,Good,163.43,70.33,4784,42.7,Major Repair
LPU Girls Hostel GH-1,Residential,31.2575,75.7094,132.59,4.12,Loam,34.6,10,40.06,2.68,Steel,Raft Foundation,Poor,173.9,53.42,4067,73.47,Unsafe
Phagwara Bus Stand,Transport,31.2247,75.771,100.58,3.45,Loam,12.6,1,14.82,2.45,Steel,Strip Footing,Good,147.05,54.71,566,44.16,Major Repair
Phagwara Bus Stand,Transport,31.2247,75.771,58.74,4.32,Loam,21.4,2,10.93,2.06,Steel,Isolated Footing,Good,182.21,84.04,616,25.08,Minor Repair
Phagwara Bus Stand,Transport,31.2247,75.771,154.64,4.72,Loam,30.9,3,18.04,1.6,Steel,Strip Footing,Poor,132.04,30.09,786,65.32,Unsafe
Phagwara Bus Stand,Transport,31.2247,75.771,36.68,4.39,Loam,22.2,2,4.45,2.19,Brick Masonry,Isolated Footing,Good,203.8,80.11,622,29.38,Minor Repair
Phagwara Bus Stand,Transport,31.2247,75.771,85.02,3.28,Loam,19.0,1,15.19,1.68,RCC,Raft Foundation,Poor,161.34,72.03,577,32.92,Minor Repair
Phagwara Bus Stand,Transport,31.2247,75.771,0.0,2.16,Loam,12.8,5,9.85,2.51,RCC,Raft Foundation,Good,154.89,80.52,658,20.37,Good
Phagwara Bus Stand,Transport,31.2247,75.771,42.8,2.79,Loam,20.5,4,11.99,1.87,RCC,Isolated Footing,Poor,172.63,61.42,590,44.16,Major Repair
Phagwara Bus Stand,Transport,31.2247,75.771,29.48,2.52,Loam,3.7,2,9.52,3.1,RCC,Pile Foundation,Good,233.72,81.85,397,10.58,Good
Phagwara Bus Stand,Transport,31.2247,75.771,3.32,3.48,Loam,16.4,3,14.54,2.86,Steel,Raft Foundation,Good,200.87,89.89,424,19.65,Good
Phagwara Bus Stand,Transport,31.2247,75.771,62.99,3.53,Loam,12.4,2,13.08,1.91,RCC,Strip Footing,Good,164.75,65.15,558,27.95,Minor Repair
Phagwara Bus Stand,Transport,31.2247,75.771,115.84,4.59,Loam,18.7,3,16.87,1.9,Steel,Raft Foundation,Good,180.41,74.43,572,34.26,Minor Repair
Phagwara Bus Stand,Transport,31.2247,75.771,138.26,3.25,Loam,24.4,3,16.66,1.34,Steel,Strip Footing,Moderate,198.57,66.88,903,46.08,Major Repair
Phagwara Bus Stand,Transport,31.2247,75.771,65.0,5.22,Loam,33.7,5,20.92,0.02,Brick Masonry,Strip Footing,Poor,156.49,40.13,1044,83.71,Unsafe
Phagwara Bus Stand,Transport,31.2247,75.771,17.01,2.24,Loam,8.8,1,7.35,2.17,RCC,Raft Foundation,Good,198.19,72.43,341,5.32,Good
Phagwara Bus Stand,Transport,31.2247,75.771,127.12,4.36,Loam,20.9,3,11.73,2.11,RCC,Raft Foundation,Poor,186.56,81.59,401,31.7,Minor Repair
Phagwara Bus Stand,Transport,31.2247,75.771,104.06,3.99,Loam,25.0,1,12.1,1.14,Brick Masonry,Pile Foundation,Poor,143.63,64.82,835,47.84,Major Repair
Phagwara Bus Stand,Transport,31.2247,75.771,4.37,4.18,Loam,15.4,3,14.56,1.53,Steel,Isolated Footing,Poor,186.12,77.14,603,38.39,Minor Repair
Phagwara Bus Stand,Transport,31.2247,75.771,50.14,3.22,Loam,24.0,4,20.61,1.88,RCC,Raft Foundation,Moderate,152.49,47.69,741,43.55,Major Repair
Phagwara Bus Stand,Transport,31.2247,75.771,59.04,2.97,Loam,11.8,2,24.63,1.99,RCC,Isolated Footing,Good,159.02,70.11,657,26.96,Minor Repair
Phagwara Bus Stand,Transport,31.2247,75.771,71.21,3.13,Loam,10.0,2,10.72,3.21,Steel,Raft Foundation,Good,230.44,100.0,491,15.66,Good
Phagwara Bus Stand,Transport,31.2247,75.771,37.78,2.81,Loam,15.2,5,17.04,1.43,RCC,Isolated Footing,Moderate,164.43,65.29,620,43.85,Major Repair
Phagwara Bus Stand,Transport,31.2247,75.771,2.32,2.85,Loam,13.0,1,12.53,2.85,Steel,Pile Foundation,Good,184.07,60.22,390,35.99,Minor Repair
Phagwara Bus Stand,Transport,31.2247,75.771,78.96,3.66,Loam,15.4,4,13.21,2.15,Steel,Raft Foundation,Moderate,189.91,73.11,692,20.72,Good
Phagwara Bus Stand,Transport,31.2247,75.771,50.76,2.95,Loam,7.4,1,11.11,2.66,RCC,Raft Foundation,Good,235.75,88.21,308,11.14,Good
Phagwara Bus Stand,Transport,31.2247,75.771,0.49,3.21,Loam,21.0,2,16.76,2.09,RCC,Isolated Footing,Moderate,172.32,90.1,717,29.06,Minor Repair
Phagwara Bus Stand,Transport,31.2247,75.771,130.24,3.94,Loam,17.2,2,10.61,1.85,Steel,Strip Footing,Poor,157.84,54.85,562,45.97,Major Repair
Phagwara Bus Stand,Transport,31.2247,75.771,52.11,3.79,Loam,22.9,1,8.72,1.72,Brick Masonry,Pile Foundation,Good,192.34,75.45,703,29.42,Minor Repair
Phagwara Bus Stand,Transport,31.2247,75.771,81.88,4.31,Loam,27.0,1,14.07,2.07,RCC,Isolated Footing,Moderate,142.99,82.18,849,39.92,Minor Repair
Phagwara Bus Stand,Transport,31.2247,75.771,34.92,3.08,Loam,0.0,1,12.49,2.47,RCC,Raft Foundation,Good,209.88,85.64,352,21.66,Good
Phagwara Bus Stand,Transport,31.2247,75.771,139.5,3.3,Loam,25.6,4,12.58,1.42,RCC,Raft Foundation,Moderate,173.97,73.13,485,35.7,Minor Repair
Phagwara Bus Stand,Transport,31.2247,75.771,111.86,4.62,Loam,17.5,4,15.3,0.76,Steel,Raft Foundation,Moderate,163.95,45.85,655,48.84,Major Repair
Phagwara Bus Stand,Transport,31.2247,75.771,53.92,3.36,Loam,22.4,2,12.81,1.57,Brick Masonry,Isolated Footing,Good,214.5,63.05,664,36.88,Minor Repair
Phagwara Bus Stand,Transport,31.2247,75.771,83.16,4.56,Loam,34.9,4,15.52,1.01,Brick Masonry,Isolated Footing,Poor,155.54,46.29,872,65.37,Unsafe
Phagwara Bus Stand,Transport,31.2247,75.771,69.39,2.66,Loam,20.4,4,10.29,1.78,RCC,Raft Foundation,Good,181.36,74.93,646,26.07,Minor Repair
Phagwara Bus Stand,Transport,31.2247,75.771,64.69,3.78,Loam,8.4,3,12.96,1.12,Steel,Isolated Footing,Moderate,212.95,64.97,751,35.93,Minor Repair
Warehouse Ring,Logistics,31.214,75.7808,14.83,2.92,Loam,0.0,1,5.28,2.89,RCC,Pile Foundation,Good,216.35,66.54,299,18.71,Good
Warehouse Ring,Logistics,31.214,75.7808,46.62,3.71,Loam,10.4,3,13.02,0.96,Steel,Isolated Footing,Moderate,126.71,49.24,420,57.21,Major Repair
Warehouse Ring,Logistics,31.214,75.7808,6.55,3.28,Loam,10.8,2,12.81,1.22,RCC,Strip Footing,Moderate,168.17,59.73,557,36.66,Minor Repair
Warehouse Ring,Logistics,31.214,75.7808,16.17,3.59,Loam,16.5,1,11.96,1.82,RCC,Raft Foundation,Good,183.25,45.22,411,21.23,Good
Warehouse Ring,Logistics,31.214,75.7808,89.23,4.3,Loam,25.3,5,11.08,0.75,RCC,Pile Foundation,Moderate,148.49,50.2,600,59.01,Major Repair
Warehouse Ring,Logistics,31.214,75.7808,22.6,3.46,Loam,12.9,4,4.0,1.65,Steel,Isolated Footing,Good,163.83,79.19,642,24.14,Good
Warehouse Ring,Logistics,31.214,75.7808,79.04,4.9,Loam,21.8,1,10.04,0.88,Steel,Raft Foundation,Good,110.66,62.94,482,41.79,Minor Repair
Warehouse Ring,Logistics,31.214,75.7808,9.36,4.2,Loam,10.7,3,20.94,1.68,RCC,Strip Footing,Good,154.9,67.07,523,31.37,Minor Repair
Warehouse Ring,Logistics,31.214,75.7808,88.98,4.48,Loam,22.1,3,13.72,1.31,RCC,Strip Footing,Poor,141.06,29.26,484,55.66,Major Repair
Warehouse Ring,Logistics,31.214,75.7808,46.97,2.95,Loam,10.2,1,5.34,1.97,RCC,Raft Foundation,Good,176.86,68.95,503,5.68,Good
Warehouse Ring,Logistics,31.214,75.7808,49.7,4.87,Loam,13.9,3,8.23,1.24,RCC,Pile Foundation,Good,148.19,51.79,725,36.69,Minor Repair
Warehouse Ring,Logistics,31.214,75.7808,40.04,3.78,Loam,11.7,1,11.25,1.04,RCC,Raft Foundation,Moderate,150.57,66.23,519,28.83,Minor Repair
Warehouse Ring,Logistics,31.214,75.7808,37.84,3.64,Loam,5.4,1,11.85,2.9,RCC,Raft Foundation,Good,207.66,96.96,466,23.48,Good
Warehouse Ring,Logistics,31.214,75.7808,11.4,2.52,Loam,0.0,1,4.92,2.45,RCC,Raft Foundation,Good,230.28,78.47,380,16.32,Good
Warehouse Ring,Logistics,31.214,75.7808,72.77,3.93,Loam,23.8,2,12.42,0.74,Brick Masonry,Raft Foundation,Good,124.28,47.5,400,62.41,Unsafe
Warehouse Ring,Logistics,31.214,75.7808,84.45,3.95,Loam,21.1,1,5.88,1.04,RCC,Pile Foundation,Good,150.34,73.01,447,31.54,Minor Repair
Warehouse Ring,Logistics,31.214,75.7808,13.62,2.97,Loam,4.5,1,5.66,2.98,RCC,Raft Foundation,Good,163.12,69.4,331,19.38,Good
Warehouse Ring,Logistics,31.214,75.7808,21.01,2.59,Loam,5.7,1,6.23,2.37,RCC,Raft Foundation,Good,194.74,80.7,354,10.65,Good
Warehouse Ring,Logistics,31.214,75.7808,65.0,4.59,Loam,26.1,3,15.18,0.82,Brick Masonry,Strip Footing,Poor,85.91,46.8,783,73.0,Unsafe
Warehouse Ring,Logistics,31.214,75.7808,66.65,3.29,Loam,11.3,1,9.7,0.97,RCC,Strip Footing,Good,147.45,49.81,685,41.17,Minor Repair
Warehouse Ring,Logistics,31.214,75.7808,0.0,2.39,Loam,0.0,1,7.53,2.24,RCC,Raft Foundation,Good,158.24,83.99,492,4.5,Good
Warehouse Ring,Logistics,31.214,75.7808,0.0,3.48,Loam,11.2,1,8.34,1.22,RCC,Raft Foundation,Moderate,141.33,67.81,563,18.69,Good
Warehouse Ring,Logistics,31.214,75.7808,37.37,4.52,Loam,24.0,1,15.42,1.13,RCC,Isolated Footing,Moderate,139.63,66.39,420,35.72,Minor Repair
Warehouse Ring,Logistics,31.214,75.7808,7.87,3.21,Loam,13.0,1,12.29,1.93,RCC,Strip Footing,Poor,149.2,57.31,654,37.48,Minor Repair
Warehouse Ring,Logistics,31.214,75.7808,20.59,3.65,Loam,6.2,4,4.71,1.49,RCC,Pile Foundation,Good,165.43,29.95,357,39.09,Minor Repair
Warehouse Ring,Logistics,31.214,75.7808,0.0,3.86,Loam,11.9,3,16.02,1.11,RCC,Isolated Footing,Moderate,155.16,77.57,482,43.94,Major Repair
Warehouse Ring,Logistics,31.214,75.7808,21.03,2.79,Loam,16.8,1,13.92,1.58,RCC,Raft Foundation,Good,134.86,48.22,529,35.98,Minor Repair
Warehouse Ring,Logistics,31.214,75.7808,54.97,4.08,Loam,19.5,2,12.34,1.01,RCC,Isolated Footing,Moderate,146.53,79.54,335,44.54,Major Repair
Warehouse Ring,Logistics,31.214,75.7808,14.06,4.08,Loam,13.9,1,6.44,1.23,RCC,Isolated Footing,Poor,159.13,66.17,686,41.32,Minor Repair
Warehouse Ring,Logistics,31.214,75.7808,32.42,4.56,Loam,3.1,2,12.6,0.61,RCC,Strip Footing,Poor,124.97,81.95,412,47.44,Major Repair
Warehouse Ring,Logistics,31.214,75.7808,10.59,2.83,Loam,9.3,2,5.47,2.72,RCC,Raft Foundation,Good,202.8,77.14,344,9.01,Good
Warehouse Ring,Logistics,31.214,75.7808,152.03,4.6,Loam,25.6,3,13.9,0.99,Brick Masonry,Isolated Footing,Poor,80.0,59.28,738,64.63,Unsafe
Warehouse Ring,Logistics,31.214,75.7808,41.16,3.89,Loam,21.9,4,10.31,2.13,RCC,Pile Foundation,Good,214.9,83.87,740,23.59,Good
Warehouse Ring,Logistics,31.214,75.7808,70.98,3.84,Loam,5.1,2,9.14,1.53,Brick Masonry,Pile Foundation,Good,141.14,53.93,506,36.2,Minor Repair
Warehouse Ring,Logistics,31.214,75.7808,0.0,3.4,Loam,16.2,1,12.35,1.75,Brick Masonry,Pile Foundation,Moderate,127.96,42.77,469,49.75,Major Repair
LPU Uni Mall,Commercial,31.2565,75.7081,55.64,3.69,Loam,21.8,10,35.8,3.33,Steel,Pile Foundation,Moderate,186.41,77.99,3290,41.4,Minor Repair
LPU Uni Mall,Commercial,31.2565,75.7081,51.34,2.76,Loam,26.5,8,41.16,2.86,Brick Masonry,Pile Foundation,Moderate,169.5,71.76,2685,53.98,Major Repair
LPU Uni Mall,Commercial,31.2565,75.7081,82.47,2.71,Loam,24.6,9,39.53,3.22,RCC,Isolated Footing,Moderate,226.39,87.58,1495,37.22,Minor Repair
LPU Uni Mall,Commercial,31.2565,75.7081,28.8,2.7,Loam,16.3,7,43.05,3.21,RCC,Strip Footing,Moderate,207.75,77.29,2930,50.36,Major Repair
LPU Uni Mall,Commercial,31.2565,75.7081,37.76,3.47,Loam,8.3,9,32.4,2.81,Steel,Raft Foundation,Moderate,214.6,78.6,3387,38.03,Minor Repair
LPU Uni Mall,Commercial,31.2565,75.7081,28.84,2.97,Loam,9.4,9,42.41,3.01,Brick Masonry,Raft Foundation,Good,218.01,84.73,3761,41.22,Minor Repair
LPU Uni Mall,Commercial,31.2565,75.7081,108.12,2.56,Loam,29.6,9,43.85,3.08,RCC,Raft Foundation,Moderate,238.57,75.44,2842,54.53,Major Repair
LPU Uni Mall,Commercial,31.2565,75.7081,27.5,3.82,Loam,24.8,9,42.37,2.65,RCC,Strip Footing,Good,205.96,74.6,3502,45.61,Major Repair
LPU Uni Mall,Commercial,31.2565,75.7081,39.43,3.27,Loam,17.9,10,36.33,2.88,RCC,Raft Foundation,Moderate,237.58,98.69,3044,41.65,Minor Repair
LPU Uni Mall,Commercial,31.2565,75.7081,91.02,3.78,Loam,40.3,13,44.0,2.28,Brick Masonry,Strip Footing,Poor,161.72,55.66,5503,79.3,Unsafe
LPU Uni Mall,Commercial,31.2565,75.7081,0.91,3.17,Loam,18.3,9,35.61,2.87,Brick Masonry,Isolated Footing,Poor,192.45,75.36,1820,56.41,Major Repair
LPU Uni Mall,Commercial,31.2565,75.7081,84.58,3.23,Loam,25.5,8,38.7,3.55,Steel,Raft Foundation,Good,176.82,69.72,3536,45.58,Major Repair
LPU Uni Mall,Commercial,31.2565,75.7081,82.7,2.74,Loam,10.4,7,39.64,3.21,RCC,Isolated Footing,Poor,214.59,88.55,2460,39.62,Minor Repair
LPU Uni Mall,Commercial,31.2565,75.7081,0.0,1.91,Loam,13.4,5,31.82,3.59,RCC,Raft Foundation,Good,246.25,97.31,2018,12.19,Good
LPU Uni Mall,Commercial,31.2565,75.7081,0.0,1.86,Loam,8.3,8,30.02,4.06,RCC,Raft Foundation,Good,232.96,100.0,2520,24.91,Good
LPU Uni Mall,Commercial,31.2565,75.7081,24.78,3.02,Loam,15.6,11,37.85,2.74,RCC,Pile Foundation,Moderate,210.19,82.24,2605,47.4,Major Repair
LPU Uni Mall,Commercial,31.2565,75.7081,25.0,2.94,Loam,23.7,9,40.04,2.47,RCC,Pile Foundation,Poor,196.75,76.84,2718,45.61,Major Repair
LPU Uni Mall,Commercial,31.2565,75.7081,45.62,3.02,Loam,20.0,7,38.02,2.51,RCC,Isolated Footing,Moderate,169.52,76.09,3367,45.64,Major Repair
LPU Uni Mall,Commercial,31.2565,75.7081,38.33,4.06,Loam,23.2,9,45.05,2.44,RCC,Strip Footing,Moderate,212.76,68.99,2962,50.06,Major Repair
LPU Uni Mall,Commercial,31.2565,75.7081,0.0,2.05,Loam,12.7,8,40.52,4.41,Steel,Pile Foundation,Good,249.03,100.0,1937,26.97,Minor Repair
LPU Uni Mall,Commercial,31.2565,75.7081,14.72,2.73,Loam,11.4,8,45.57,2.8,Steel,Isolated Footing,Moderate,227.22,79.93,3184,33.78,Minor Repair
LPU Uni Mall,Commercial,31.2565,75.7081,0.0,1.94,Loam,17.0,6,31.54,3.88,RCC,Raft Foundation,Good,233.47,77.62,2126,32.32,Minor Repair
LPU Uni Mall,Commercial,31.2565,75.7081,16.52,2.83,Loam,17.5,8,42.9,3.5,RCC,Raft Foundation,Moderate,250.68,65.88,3529,39.77,Minor Repair
LPU Uni Mall,Commercial,31.2565,75.7081,128.28,5.16,Loam,31.1,12,38.42,2.33,Brick Masonry,Isolated Footing,Poor,176.06,40.3,4606,80.39,Unsafe
LPU Uni Mall,Commercial,31.2565,75.7081,9.77,2.29,Loam,5.1,5,38.77,3.66,Steel,Raft Foundation,Good,205.45,100.0,1896,25.74,Minor Repair
LPU Uni Mall,Commercial,31.2565,75.7081,37.98,3.83,Loam,23.5,8,41.72,3.22,RCC,Isolated Footing,Moderate,193.78,52.83,2670,60.3,Unsafe
LPU Uni Mall,Commercial,31.2565,75.7081,0.0,2.34,Loam,16.2,9,44.34,2.72,RCC,Isolated Footing,Good,201.02,78.86,2749,32.98,Minor Repair
LPU Uni Mall,Commercial,31.2565,75.7081,90.61,2.66,Loam,20.9,8,42.4,2.87,Steel,Pile Foundation,Good,183.92,72.09,3465,36.99,Minor Repair
LPU Uni Mall,Commercial,31.2565,75.7081,47.79,2.2,Loam,0.1,9,39.83,3.76,RCC,Raft Foundation,Good,215.57,75.62,2584,33.91,Minor Repair
LPU Uni Mall,Commercial,31.2565,75.7081,103.17,2.86,Loam,17.7,9,41.71,2.54,Brick Masonry,Isolated Footing,Poor,227.95,63.58,3445,63.32,Unsafe
LPU Uni Mall,Commercial,31.2565,75.7081,51.01,4.11,Loam,28.6,7,32.32,2.33,Brick Masonry,Pile Foundation,Good,198.42,57.25,3494,51.72,Major Repair
LPU Uni Mall,Commercial,31.2565,75.7081,28.22,3.43,Loam,17.9,8,36.84,2.97,RCC,Strip Footing,Poor,236.76,77.16,2416,37.63,Minor Repair
LPU Uni Mall,Commercial,31.2565,75.7081,64.32,3.47,Loam,16.8,7,40.97,2.55,Brick Masonry,Pile Foundation,Good,230.32,80.96,3317,42.97,Major Repair
LPU Uni Mall,Commercial,31.2565,75.7081,65.0,4.32,Loam,31.2,8,45.94,2.55,Brick Masonry,Strip Footing,Poor,187.61,41.59,4149,81.78,Unsafe
LPU Uni Mall,Commercial,31.2565,75.7081,48.75,3.51,Loam,29.3,8,40.64,2.24,RCC,Pile Foundation,Good,210.31,70.29,2762,33.22,Minor Repair
LPU Block 34,Academic,31.2541,75.7076,0.0,1.66,Loam,17.0,8,35.41,4.21,RCC,Raft Foundation,Good,219.7,96.57,1054,38.22,Minor Repair
LPU Block 34,Academic,31.2541,75.7076,0.0,2.81,Loam,7.6,5,37.19,3.93,RCC,Raft Foundation,Good,226.31,100.0,1280,25.32,Minor Repair
LPU Block 34,Academic,31.2541,75.7076,79.82,2.98,Loam,27.6,10,49.88,2.19,Brick Masonry,Strip Footing,Poor,150.47,48.68,2899,75.1,Unsafe
LPU Block 34,Academic,31.2541,75.7076,79.56,2.72,Loam,21.8,8,37.24,2.79,RCC,Isolated Footing,Moderate,218.42,82.21,2197,50.72,Major Repair
LPU Block 34,Academic,31.2541,75.7076,47.18,2.85,Loam,25.2,10,36.59,2.5,Brick Masonry,Raft Foundation,Poor,165.6,62.84,1917,62.79,Unsafe
LPU Block 34,Academic,31.2541,75.7076,0.0,2.66,Loam,21.1,7,42.97,3.39,RCC,Pile Foundation,Moderate,193.35,70.03,1319,30.32,Minor Repair
LPU Block 34,Academic,31.2541,75.7076,0.0,2.77,Loam,25.8,10,41.34,2.87,RCC,Isolated Footing,Moderate,204.98,77.88,2124,51.34,Major Repair
LPU Block 34,Academic,31.2541,75.7076,13.94,2.37,Loam,24.7,9,44.91,3.05,Steel,Pile Foundation,Good,208.85,77.18,1458,44.05,Major Repair
LPU Block 34,Academic,31.2541,75.7076,52.14,3.52,Loam,25.2,10,47.67,2.05,RCC,Raft Foundation,Moderate,205.61,80.59,2176,49.6,Major Repair
LPU Block 34,Academic,31.2541,75.7076,0.0,1.32,Loam,15.7,7,34.88,3.72,RCC,Raft Foundation,Good,260.0,73.55,1348,30.41,Minor Repair
LPU Block 34,Academic,31.2541,75.7076,0.0,1.98,Loam,9.8,7,43.92,3.73,RCC,Isolated Footing,Poor,202.18,42.47,1480,55.13,Major Repair
LPU Block 34,Academic,31.2541,75.7076,47.55,2.29,Loam,20.9,10,40.98,2.61,RCC,Pile Foundation,Good,206.42,78.76,1632,37.96,Minor Repair
LPU Block 34,Academic,31.2541,75.7076,36.22,1.9,Loam,22.1,11,46.7,2.75,RCC,Pile Foundation,Good,190.97,82.4,1743,40.74,Minor Repair
LPU Block 34,Academic,31.2541,75.7076,22.36,2.74,Loam,20.6,10,45.91,2.94,Brick Masonry,Isolated Footing,Good,240.66,72.51,1929,53.59,Major Repair
LPU Block 34,Academic,31.2541,75.7076,78.56,2.98,Loam,32.0,9,38.9,2.61,Steel,Isolated Footing,Moderate,175.49,69.67,1724,42.37,Major Repair
LPU Block 34,Academic,31.2541,75.7076,0.0,2.1,Loam,24.8,11,46.15,2.2,RCC,Raft Foundation,Good,205.82,74.47,1908,46.36,Major Repair
LPU Block 34,Academic,31.2541,75.7076,0.0,1.28,Loam,13.3,9,43.3,4.52,Steel,Raft Foundation,Good,200.18,100.0,1697,43.86,Major Repair
LPU Block 34,Academic,31.2541,75.7076,29.26,2.98,Loam,29.2,9,36.04,2.57,RCC,Isolated Footing,Good,193.81,79.26,1827,45.69,Major Repair
LPU Block 34,Academic,31.2541,75.7076,25.83,1.9,Loam,11.1,10,39.36,2.63,Steel,Pile Foundation,Moderate,193.09,94.5,1663,39.65,Minor Repair
LPU Block 34,Academic,31.2541,75.7076,0.0,2.11,Loam,15.8,11,50.79,2.79,RCC,Raft Foundation,Poor,215.31,90.03,1037,50.81,Major Repair
LPU Block 34,Academic,31.2541,75.7076,89.67,4.41,Loam,39.1,11,51.79,1.75,RCC,Strip Footing,Poor,156.33,58.35,2720,71.22,Unsafe
LPU Block 34,Academic,31.2541,75.7076,0.0,2.1,Loam,14.1,8,47.02,3.72,RCC,Raft Foundation,Poor,192.75,86.4,1666,41.29,Minor Repair
LPU Block 34,Academic,31.2541,75.7076,16.23,2.26,Loam,30.3,8,36.04,2.81,Steel,Raft Foundation,Poor,246.24,80.79,1743,47.57,Major Repair
LPU Block 34,Academic,31.2541,75.7076,60.99,2.91,Loam,28.9,8,42.75,2.09,RCC,Isolated Footing,Good,194.63,72.59,1534,48.52,Major Repair
LPU Block 34,Academic,31.2541,75.7076,0.0,1.92,Loam,20.8,10,39.72,3.2,RCC,Isolated Footing,Moderate,221.75,75.07,1526,48.77,Major Repair
LPU Block 34,Academic,31.2541,75.7076,77.49,3.94,Loam,38.9,10,49.99,1.58,RCC,Isolated Footing,Poor,204.36,66.5,2440,63.93,Unsafe
LPU Block 34,Academic,31.2541,75.7076,21.85,2.94,Loam,13.2,9,40.31,2.97,RCC,Isolated Footing,Good,198.54,84.51,1977,26.84,Minor Repair
LPU Block 34,Academic,31.2541,75.7076,128.06,3.39,Loam,30.2,8,38.53,2.27,RCC,Strip Footing,Moderate,199.11,75.77,2068,49.57,Major Repair
LPU Block 34,Academic,31.2541,75.7076,53.23,2.65,Loam,25.1,8,34.27,2.51,Steel,Raft Foundation,Moderate,172.68,56.98,2482,49.59,Major Repair
LPU Block 34,Academic,31.2541,75.7076,59.26,3.13,Loam,28.1,7,41.57,2.47,Brick Masonry,Isolated Footing,Moderate,197.19,71.62,1858,51.74,Major Repair
LPU Block 34,Academic,31.2541,75.7076,60.51,2.9,Loam,31.6,9,46.68,2.66,Steel,Raft Foundation,Moderate,205.94,60.32,1826,46.63,Major Repair
LPU Block 34,Academic,31.2541,75.7076,0.0,2.33,Loam,15.2,8,39.24,3.63,Steel,Raft Foundation,Good,247.72,71.85,1076,32.22,Minor Repair
LPU Block 34,Academic,31.2541,75.7076,0.0,1.47,Loam,10.8,9,47.33,4.29,RCC,Raft Foundation,Good,241.38,97.97,1278,31.37,Minor Repair
LPU Block 34,Academic,31.2541,75.7076,71.14,3.74,Loam,38.8,10,48.6,2.32,RCC,Strip Footing,Poor,133.19,40.34,2593,85.03,Unsafe
LPU Block 34,Academic,31.2541,75.7076,0.0,1.23,Loam,18.0,5,32.79,4.55,RCC,Pile Foundation,Good,192.42,100.0,1584,32.19,Minor Repair
